{"type":"FeatureCollection","properties":{"title":"Base cartográfica local — Puerto Gaitán","source":"© OpenStreetMap contributors, ODbL 1.0","capturedAt":"2026-08-19T19:24:16.804Z","bounds":[-72.125,4.285,-72.015,4.34]},"features":[{"type":"Feature","properties":{"id":94190202,"kind":"road","name":"CAMINO AL PUERTO DE PESCA","highway":"path"},"geometry":{"type":"LineString","coordinates":[[-72.076625,4.3224614],[-72.0766735,4.3224348],[-72.076688,4.3223671],[-72.0767269,4.322222],[-72.0768312,4.3220019],[-72.076933,4.3219027],[-72.0770373,4.3218374],[-72.0771489,4.3217697],[-72.0772508,4.3217503],[-72.0773138,4.321731],[-72.0773818,4.3216778],[-72.077423,4.3216318],[-72.0774545,4.3215834],[-72.0774836,4.3215157],[-72.0775491,4.3214432],[-72.0776146,4.3213875],[-72.0777383,4.321373],[-72.0778596,4.3213198],[-72.0779057,4.3213101],[-72.0780876,4.3213779],[-72.0781458,4.3212787],[-72.0783398,4.3211916],[-72.0784199,4.3211433],[-72.0785509,4.3211094],[-72.0787789,4.3211239],[-72.0789899,4.3210925],[-72.0791112,4.3210804],[-72.0792373,4.3210779],[-72.0792785,4.3211166],[-72.0793634,4.3212134],[-72.0794338,4.3213053],[-72.0795114,4.3214311],[-72.0795453,4.3215931],[-72.079606,4.3216899],[-72.0796812,4.3217721],[-72.0797952,4.3218543],[-72.0799528,4.3219849],[-72.0800571,4.3220793],[-72.0800887,4.322101],[-72.0801266,4.3221172],[-72.0801677,4.3221267],[-72.0802031,4.3221732]]}},{"type":"Feature","properties":{"id":129369442,"kind":"road","name":"Ruta Nacional 40","highway":"trunk"},"geometry":{"type":"LineString","coordinates":[[-72.0719834,4.3106964],[-72.0717381,4.3103689],[-72.0714685,4.3100239],[-72.0713532,4.3098728],[-72.0712405,4.3097203],[-72.0709895,4.3093691],[-72.07091,4.3092509],[-72.0708161,4.3091092],[-72.0706451,4.3088524],[-72.0704667,4.308597],[-72.070252,4.3083278],[-72.0701382,4.3081884],[-72.0699906,4.3080326],[-72.0696346,4.3077003],[-72.0690169,4.3070724],[-72.0684678,4.3065282],[-72.0681785,4.306245],[-72.068034,4.3061042],[-72.0678752,4.3059623],[-72.0672561,4.305461],[-72.0667532,4.3050812],[-72.0666687,4.305017],[-72.0665756,4.3049529],[-72.0625723,4.3025179],[-72.0593502,4.3005804],[-72.0589967,4.3003627],[-72.0568676,4.2990803],[-72.0547462,4.2977692],[-72.0543802,4.2976055],[-72.0540511,4.2975373],[-72.0536359,4.2975415],[-72.0532381,4.2976014],[-72.0527352,4.297781],[-72.0500256,4.2989337],[-72.0497854,4.2991358],[-72.0487721,4.2999682],[-72.048355,4.3006053],[-72.0470963,4.3026041],[-72.0468484,4.3028899],[-72.0465716,4.3031173],[-72.0463204,4.3032085],[-72.0451084,4.3034613],[-72.0433681,4.3037284],[-72.0429089,4.30391],[-72.0388909,4.3057667],[-72.0384105,4.3060583],[-72.0379332,4.306612],[-72.0375415,4.3073163],[-72.0372288,4.3078069],[-72.0361741,4.3088695],[-72.0356785,4.3092102],[-72.0349103,4.3097963],[-72.0341743,4.3105492],[-72.0337225,4.3111498],[-72.0329038,4.312548],[-72.0325357,4.3133298],[-72.0324067,4.3136115],[-72.0312228,4.315199],[-72.0310184,4.3154453],[-72.0309308,4.3155163]]}},{"type":"Feature","properties":{"id":200883904,"kind":"road","name":"Calle 9","highway":"residential"},"geometry":{"type":"LineString","coordinates":[[-72.0808946,4.3148032],[-72.0805228,4.3140286],[-72.080222,4.3132405],[-72.0800023,4.3127234],[-72.0798571,4.3122809],[-72.0796602,4.3117585],[-72.0793536,4.3109616],[-72.0792342,4.310649]]}},{"type":"Feature","properties":{"id":218287409,"kind":"road","name":"Carrera 4","highway":"residential"},"geometry":{"type":"LineString","coordinates":[[-72.0801764,4.3151787],[-72.0805578,4.3154936],[-72.081026,4.3158801],[-72.0814387,4.3162209],[-72.081916,4.3166149],[-72.0822756,4.3169118],[-72.0826978,4.3172614],[-72.0831557,4.3176385],[-72.0837756,4.3181655]]}},{"type":"Feature","properties":{"id":218287410,"kind":"road","name":"Carrera 3","highway":"tertiary"},"geometry":{"type":"LineString","coordinates":[[-72.0796187,4.3155108],[-72.0805748,4.3162808],[-72.0810378,4.3166543],[-72.0815597,4.3170638],[-72.0819037,4.3173308],[-72.0822348,4.3175961],[-72.0823164,4.3176602],[-72.0825736,4.3178704],[-72.0828183,4.318073],[-72.0830677,4.3182732],[-72.0834872,4.3186239]]}},{"type":"Feature","properties":{"id":218287411,"kind":"road","name":"Carrera 5","highway":"residential"},"geometry":{"type":"LineString","coordinates":[[-72.0842543,4.3176753],[-72.0841726,4.3176054],[-72.0836206,4.3171335],[-72.0831802,4.316757],[-72.0827625,4.3163999],[-72.0823903,4.3160818],[-72.0821985,4.3159178],[-72.0819467,4.3157025],[-72.0814687,4.3152939],[-72.0808946,4.3148032]]}},{"type":"Feature","properties":{"id":218287412,"kind":"road","name":"Calle 8","highway":"residential"},"geometry":{"type":"LineString","coordinates":[[-72.0783316,4.3109307],[-72.0784985,4.3113045],[-72.0788362,4.3121503],[-72.0790475,4.3126556],[-72.0792039,4.3130352],[-72.0794523,4.3136939],[-72.0798203,4.3144784],[-72.0801764,4.3151787]]}},{"type":"Feature","properties":{"id":218287415,"kind":"road","name":"Carrera 10","highway":"tertiary"},"geometry":{"type":"LineString","coordinates":[[-72.0813304,4.3123474],[-72.0809542,4.3124367],[-72.0805529,4.3125467],[-72.0800023,4.3127234],[-72.0796002,4.3128719],[-72.0792039,4.3130352],[-72.0785971,4.3132912]]}},{"type":"Feature","properties":{"id":218287421,"kind":"road","name":"Calle 11","highway":"residential"},"geometry":{"type":"LineString","coordinates":[[-72.0819777,4.3142535],[-72.0815911,4.3131392],[-72.0813304,4.3123474],[-72.0810015,4.311323]]}},{"type":"Feature","properties":{"id":218287427,"kind":"road","name":"Transversal 9","highway":"residential"},"geometry":{"type":"LineString","coordinates":[[-72.079264,4.3147716],[-72.0798203,4.3144784],[-72.0805228,4.3140286],[-72.0809717,4.3136871],[-72.0815911,4.3131392],[-72.0822941,4.3123351]]}},{"type":"Feature","properties":{"id":235712438,"kind":"road","name":"Ruta Nacional 40","highway":"trunk"},"geometry":{"type":"LineString","coordinates":[[-72.075071,4.312968],[-72.0745439,4.3132923],[-72.0743838,4.3133859],[-72.0742118,4.3134076],[-72.0741186,4.3134059],[-72.0740362,4.3133891],[-72.0739536,4.3133598],[-72.073876,4.3133283],[-72.073796,4.3132869],[-72.0737251,4.3132352],[-72.073613,4.3131371],[-72.0735282,4.3130388],[-72.0733541,4.3127854],[-72.0731798,4.31251],[-72.0727667,4.3118774],[-72.0723952,4.3112984],[-72.0719834,4.3106964]]}},{"type":"Feature","properties":{"id":294260603,"kind":"road","name":"Carrera 12","highway":"residential"},"geometry":{"type":"LineString","coordinates":[[-72.0796602,4.3117585],[-72.0788362,4.3121503],[-72.0782265,4.3124535],[-72.0777524,4.3126859],[-72.0773471,4.3128445]]}},{"type":"Feature","properties":{"id":294260604,"kind":"road","name":"Carrera 2C","highway":"residential"},"geometry":{"type":"LineString","coordinates":[[-72.0816886,4.3198359],[-72.0823353,4.320292],[-72.0824136,4.3203517],[-72.0830984,4.3208401],[-72.0842697,4.3216849],[-72.0849044,4.3221395],[-72.0852362,4.3223771],[-72.0854755,4.3225486]]}},{"type":"Feature","properties":{"id":294260606,"kind":"road","name":"Carrera 12","highway":"residential"},"geometry":{"type":"LineString","coordinates":[[-72.0796602,4.3117585],[-72.0797397,4.3117207],[-72.0798209,4.311682],[-72.0803737,4.3114488],[-72.0810015,4.311323],[-72.0814081,4.3112422],[-72.0815553,4.3112111],[-72.0818217,4.3111527],[-72.082341,4.3110389],[-72.083124,4.3108531],[-72.0837607,4.3107067],[-72.0839103,4.3106725],[-72.084317,4.3105861]]}},{"type":"Feature","properties":{"id":294260607,"kind":"road","name":"Calle 28","highway":"residential"},"geometry":{"type":"LineString","coordinates":[[-72.0837179,4.3244665],[-72.0839026,4.3242124],[-72.084079,4.3239695],[-72.0842579,4.3237234],[-72.0844169,4.3235046],[-72.0845428,4.3233314],[-72.0846003,4.3232522],[-72.0848249,4.3229431],[-72.0850317,4.3226585],[-72.0852362,4.3223771],[-72.0853012,4.3222878],[-72.0854295,4.3221111],[-72.0858719,4.3215023],[-72.086218,4.3210261]]}},{"type":"Feature","properties":{"id":294260608,"kind":"road","name":"Carrera 7","highway":"residential"},"geometry":{"type":"LineString","coordinates":[[-72.0819536,4.3143531],[-72.0821026,4.3143798],[-72.0824369,4.3145113],[-72.0828645,4.3147079],[-72.0833547,4.3149813],[-72.0838131,4.3152622],[-72.0843295,4.3155553],[-72.0847501,4.3159045],[-72.0851359,4.3162253]]}},{"type":"Feature","properties":{"id":294260609,"kind":"road","name":"Carrera 1B","highway":"residential"},"geometry":{"type":"LineString","coordinates":[[-72.0831607,4.3231449],[-72.081988,4.3223238]]}},{"type":"Feature","properties":{"id":294260625,"kind":"road","name":"Calle 13a","highway":"residential"},"geometry":{"type":"LineString","coordinates":[[-72.0824369,4.3145113],[-72.0826077,4.3140759],[-72.082668,4.3140079]]}},{"type":"Feature","properties":{"id":294260627,"kind":"road","name":"Carrera 2ª B","highway":"residential"},"geometry":{"type":"LineString","coordinates":[[-72.0814464,4.320185],[-72.0820987,4.3206436]]}},{"type":"Feature","properties":{"id":294260635,"kind":"road","name":"Calle 12","highway":"residential"},"geometry":{"type":"LineString","coordinates":[[-72.0815553,4.3112111],[-72.0818684,4.3122893]]}},{"type":"Feature","properties":{"id":294260636,"kind":"road","name":"Carrera 19","highway":"residential"},"geometry":{"type":"LineString","coordinates":[[-72.0815542,4.3078856],[-72.081492,4.3078746],[-72.0810896,4.307598],[-72.081056,4.3075454]]}},{"type":"Feature","properties":{"id":294260637,"kind":"road","name":null,"highway":"residential"},"geometry":{"type":"LineString","coordinates":[[-72.1126099,4.3062238],[-72.1122706,4.3060125],[-72.1119037,4.305795]]}},{"type":"Feature","properties":{"id":294260638,"kind":"road","name":"Carrera 1A","highway":"residential"},"geometry":{"type":"LineString","coordinates":[[-72.080464,4.3217129],[-72.0810523,4.3221324]]}},{"type":"Feature","properties":{"id":294260639,"kind":"road","name":"Calle 13B","highway":"residential"},"geometry":{"type":"LineString","coordinates":[[-72.0837414,4.3066357],[-72.0837357,4.3061245]]}},{"type":"Feature","properties":{"id":294260640,"kind":"road","name":"Carrera 2B","highway":"residential"},"geometry":{"type":"LineString","coordinates":[[-72.0828949,4.321134],[-72.0840653,4.3219534],[-72.0847012,4.3224228],[-72.0850317,4.3226585]]}},{"type":"Feature","properties":{"id":294260641,"kind":"road","name":"Calle 17A","highway":"residential"},"geometry":{"type":"LineString","coordinates":[[-72.0852773,4.3153146],[-72.0859011,4.3146213]]}},{"type":"Feature","properties":{"id":294260642,"kind":"road","name":"Carrera 2","highway":"residential"},"geometry":{"type":"LineString","coordinates":[[-72.0809963,4.3208328],[-72.0816488,4.3212912]]}},{"type":"Feature","properties":{"id":294260643,"kind":"road","name":"Calle 13C","highway":"residential"},"geometry":{"type":"LineString","coordinates":[[-72.0841539,4.3085543],[-72.0841581,4.3084352],[-72.0842224,4.3083309],[-72.0845443,4.3081677]]}},{"type":"Feature","properties":{"id":294260644,"kind":"road","name":"Carrera 1C","highway":"residential"},"geometry":{"type":"LineString","coordinates":[[-72.0833428,4.3229463],[-72.0821637,4.3220932]]}},{"type":"Feature","properties":{"id":294260645,"kind":"road","name":null,"highway":"residential"},"geometry":{"type":"LineString","coordinates":[[-72.1062648,4.3130783],[-72.1055894,4.3126864],[-72.1053002,4.3125114],[-72.1044847,4.3120319]]}},{"type":"Feature","properties":{"id":294260647,"kind":"road","name":"Carrera 8","highway":"residential"},"geometry":{"type":"LineString","coordinates":[[-72.0833197,4.3142308],[-72.0827714,4.3140011],[-72.082668,4.3140079]]}},{"type":"Feature","properties":{"id":294260648,"kind":"road","name":"Carrera 2A","highway":"residential"},"geometry":{"type":"LineString","coordinates":[[-72.08123,4.3205096],[-72.0818748,4.3209701]]}},{"type":"Feature","properties":{"id":294260649,"kind":"road","name":null,"highway":"residential"},"geometry":{"type":"LineString","coordinates":[[-72.0780446,4.3141869],[-72.0783276,4.3140445],[-72.0784999,4.3139578]]}},{"type":"Feature","properties":{"id":294260650,"kind":"road","name":"Carrera 1A","highway":"residential"},"geometry":{"type":"LineString","coordinates":[[-72.082933,4.3233787],[-72.0826881,4.3231989],[-72.082446,4.3230212],[-72.081959,4.3226636],[-72.0818115,4.3225554]]}},{"type":"Feature","properties":{"id":294260651,"kind":"road","name":"Calle 13","highway":"residential"},"geometry":{"type":"LineString","coordinates":[[-72.081026,4.3158801],[-72.0814687,4.3152939],[-72.0816885,4.3148643],[-72.0819536,4.3143531],[-72.0819777,4.3142535],[-72.0827995,4.3124809]]}},{"type":"Feature","properties":{"id":294260652,"kind":"road","name":"Carrera 1C","highway":"residential"},"geometry":{"type":"LineString","coordinates":[[-72.0807673,4.3211772],[-72.0814119,4.3216329],[-72.0814946,4.3216868]]}},{"type":"Feature","properties":{"id":294260655,"kind":"road","name":"Calle 22","highway":"residential"},"geometry":{"type":"LineString","coordinates":[[-72.0838069,4.3209297],[-72.0843335,4.3203054]]}},{"type":"Feature","properties":{"id":294260656,"kind":"road","name":"Carrera 21","highway":"residential"},"geometry":{"type":"LineString","coordinates":[[-72.0821404,4.306978],[-72.0817054,4.3066791]]}},{"type":"Feature","properties":{"id":294260657,"kind":"road","name":"Carrera 15","highway":"residential"},"geometry":{"type":"LineString","coordinates":[[-72.0794316,4.309791],[-72.0802298,4.3095953],[-72.080816,4.3094516],[-72.0817123,4.3092967]]}},{"type":"Feature","properties":{"id":294260659,"kind":"road","name":"Calle 15","highway":"residential"},"geometry":{"type":"LineString","coordinates":[[-72.084641,4.3130061],[-72.0845066,4.3132534],[-72.0839873,4.3141067],[-72.0833547,4.3149813],[-72.0828616,4.3155705]]}},{"type":"Feature","properties":{"id":294260660,"kind":"road","name":"Carrera 20","highway":"residential"},"geometry":{"type":"LineString","coordinates":[[-72.0822371,4.3078025],[-72.0822001,4.3077959],[-72.0818245,4.3074774],[-72.0813561,4.3071522]]}},{"type":"Feature","properties":{"id":294260661,"kind":"road","name":"Carrera 1B","highway":"residential"},"geometry":{"type":"LineString","coordinates":[[-72.0805933,4.3214585],[-72.0812322,4.3218857]]}},{"type":"Feature","properties":{"id":294260662,"kind":"road","name":"Carrera 9","highway":"residential"},"geometry":{"type":"LineString","coordinates":[[-72.086216,4.3162015],[-72.0856401,4.3156701],[-72.085561,4.3155956]]}},{"type":"Feature","properties":{"id":294260663,"kind":"road","name":"Carrera 9a","highway":"residential"},"geometry":{"type":"LineString","coordinates":[[-72.0868067,4.3154186],[-72.0867675,4.3153913],[-72.0861795,4.3148895],[-72.0860996,4.3148164]]}},{"type":"Feature","properties":{"id":294260664,"kind":"road","name":"Calle 25","highway":"residential"},"geometry":{"type":"LineString","coordinates":[[-72.0855348,4.3205059],[-72.0851832,4.3209686],[-72.0847008,4.3215967]]}},{"type":"Feature","properties":{"id":294260665,"kind":"road","name":null,"highway":"residential"},"geometry":{"type":"LineString","coordinates":[[-72.0851233,4.3205202],[-72.0842761,4.3198859]]}},{"type":"Feature","properties":{"id":294260666,"kind":"road","name":"Carrera 1Bis","highway":"residential"},"geometry":{"type":"LineString","coordinates":[[-72.0803183,4.3219718],[-72.08089,4.322369]]}},{"type":"Feature","properties":{"id":294260667,"kind":"road","name":null,"highway":"residential"},"geometry":{"type":"LineString","coordinates":[[-72.1114635,4.304364],[-72.110988,4.3050122],[-72.1104054,4.3057416],[-72.1098289,4.3065201],[-72.1090645,4.3074766],[-72.1085836,4.3080455],[-72.1081879,4.3085575],[-72.1075459,4.3094033],[-72.1071012,4.3100145],[-72.1065257,4.310832],[-72.1062888,4.31116],[-72.1060504,4.3114858],[-72.1058011,4.3118383],[-72.1055527,4.3121695],[-72.1053002,4.3125114],[-72.1050105,4.3128956],[-72.1049345,4.3129899],[-72.1046683,4.313311],[-72.104571,4.3134473],[-72.1043164,4.3137579],[-72.1040528,4.314094],[-72.1037919,4.3144176],[-72.1035937,4.3146901],[-72.1035592,4.3147071],[-72.1035223,4.3147071],[-72.1034948,4.3147018],[-72.1031683,4.3144625]]}},{"type":"Feature","properties":{"id":294260668,"kind":"road","name":"Calle 24","highway":"residential"},"geometry":{"type":"LineString","coordinates":[[-72.082614,4.3237254],[-72.0828627,4.3234641],[-72.082933,4.3233787],[-72.0830682,4.3232448],[-72.0831607,4.3231449],[-72.0833428,4.3229463],[-72.0834475,4.3227991],[-72.0835601,4.3226524],[-72.0836246,4.3225633],[-72.0837028,4.3224568],[-72.0838596,4.3222517],[-72.0840653,4.3219534],[-72.0842697,4.3216849],[-72.0843335,4.321598],[-72.0844592,4.3214263],[-72.0846339,4.321186],[-72.0849336,4.3207738],[-72.0851233,4.3205202],[-72.0852859,4.3203027],[-72.0853583,4.320214]]}},{"type":"Feature","properties":{"id":294260669,"kind":"road","name":"Calle 12","highway":"residential"},"geometry":{"type":"LineString","coordinates":[[-72.0825559,4.3058145],[-72.0826694,4.3058115],[-72.0827797,4.3058387],[-72.0828787,4.3058943],[-72.083169,4.3061303],[-72.0832509,4.3061437],[-72.0833817,4.3061309],[-72.0835655,4.3061206],[-72.0837357,4.3061245],[-72.0840987,4.3061606],[-72.0842715,4.3061339],[-72.0844048,4.3061163],[-72.0845118,4.3060821]]}},{"type":"Feature","properties":{"id":294260672,"kind":"road","name":"Carrera 16","highway":"residential"},"geometry":{"type":"LineString","coordinates":[[-72.0836088,4.3097479],[-72.083678,4.3086197],[-72.0837051,4.308572],[-72.0841539,4.3085543],[-72.084722,4.3085131],[-72.0852938,4.3084628]]}},{"type":"Feature","properties":{"id":294260673,"kind":"road","name":null,"highway":"residential"},"geometry":{"type":"LineString","coordinates":[[-72.1040528,4.314094],[-72.10365,4.3137842],[-72.1033172,4.3135513]]}},{"type":"Feature","properties":{"id":294260674,"kind":"road","name":"Carrera 22","highway":"residential"},"geometry":{"type":"LineString","coordinates":[[-72.0841621,4.3069186],[-72.0841835,4.3066953],[-72.0841693,4.3066808],[-72.0837414,4.3066357],[-72.0833727,4.3066369]]}},{"type":"Feature","properties":{"id":294260675,"kind":"road","name":"Carrera 1B","highway":"residential"},"geometry":{"type":"LineString","coordinates":[[-72.0845886,4.3243345],[-72.0843059,4.324132],[-72.084079,4.3239695],[-72.0834546,4.3235223],[-72.0830682,4.3232448]]}},{"type":"Feature","properties":{"id":294260676,"kind":"road","name":"Carrera 7","highway":"residential"},"geometry":{"type":"LineString","coordinates":[[-72.0858748,4.3167217],[-72.0855846,4.3165226],[-72.0852344,4.3162822]]}},{"type":"Feature","properties":{"id":294260677,"kind":"road","name":"Calle 25","highway":"residential"},"geometry":{"type":"LineString","coordinates":[[-72.083092,4.3240582],[-72.0832871,4.3237696],[-72.0834546,4.3235223],[-72.0836182,4.3232806],[-72.0837825,4.3230396]]}},{"type":"Feature","properties":{"id":294260679,"kind":"road","name":"Calle 10","highway":"residential"},"geometry":{"type":"LineString","coordinates":[[-72.0809717,4.3136871],[-72.0807184,4.3130042],[-72.0805529,4.3125467],[-72.0805,4.3123319]]}},{"type":"Feature","properties":{"id":294260680,"kind":"road","name":"Calle 27","highway":"residential"},"geometry":{"type":"LineString","coordinates":[[-72.0859949,4.3208518],[-72.0856354,4.3213188],[-72.0851678,4.3219264]]}},{"type":"Feature","properties":{"id":294260681,"kind":"road","name":"Calle 26","highway":"residential"},"geometry":{"type":"LineString","coordinates":[[-72.0857485,4.3206762],[-72.0854023,4.3211377],[-72.0849138,4.321747]]}},{"type":"Feature","properties":{"id":294260682,"kind":"road","name":"Calle 13a","highway":"residential"},"geometry":{"type":"LineString","coordinates":[[-72.0832509,4.3061437],[-72.0833727,4.3066369]]}},{"type":"Feature","properties":{"id":294260683,"kind":"road","name":"Calle 8","highway":"residential"},"geometry":{"type":"LineString","coordinates":[[-72.0783316,4.3109307],[-72.0779963,4.3100856],[-72.0779164,4.3098769],[-72.0779078,4.3097567],[-72.0779117,4.3096925]]}},{"type":"Feature","properties":{"id":294260684,"kind":"road","name":"Calle 10","highway":"residential"},"geometry":{"type":"LineString","coordinates":[[-72.0785358,4.3073844],[-72.078785,4.3078246],[-72.0790962,4.3087052],[-72.0792227,4.3090903]]}},{"type":"Feature","properties":{"id":294260685,"kind":"road","name":"Calle 19","highway":"residential"},"geometry":{"type":"LineString","coordinates":[[-72.0828175,4.3205175],[-72.0830002,4.3202551],[-72.0838074,4.3191115],[-72.0839056,4.3189588]]}},{"type":"Feature","properties":{"id":294260686,"kind":"road","name":"Calle 13","highway":"residential"},"geometry":{"type":"LineString","coordinates":[[-72.082341,4.3110389],[-72.0821366,4.3101811],[-72.0820708,4.3099053]]}},{"type":"Feature","properties":{"id":294260687,"kind":"road","name":null,"highway":"residential"},"geometry":{"type":"LineString","coordinates":[[-72.1064918,4.3127143],[-72.1055527,4.3121695],[-72.1047511,4.3116851]]}},{"type":"Feature","properties":{"id":294260688,"kind":"road","name":"Carrera 1D","highway":"residential"},"geometry":{"type":"LineString","coordinates":[[-72.0846474,4.3236734],[-72.0844169,4.3235046],[-72.0837825,4.3230396],[-72.0834475,4.3227991]]}},{"type":"Feature","properties":{"id":294260689,"kind":"road","name":null,"highway":"residential"},"geometry":{"type":"LineString","coordinates":[[-72.1055259,4.3134661],[-72.1054677,4.3134277],[-72.1051835,4.3131981],[-72.1049345,4.3129899],[-72.1042187,4.312378]]}},{"type":"Feature","properties":{"id":294260690,"kind":"road","name":"Carrera 6A","highway":"residential"},"geometry":{"type":"LineString","coordinates":[[-72.0854655,4.3173643],[-72.0851402,4.3171369],[-72.0847941,4.316895]]}},{"type":"Feature","properties":{"id":294260691,"kind":"road","name":null,"highway":"residential"},"geometry":{"type":"LineString","coordinates":[[-72.1068391,4.3124488],[-72.1060688,4.3119988],[-72.1058011,4.3118383],[-72.1049934,4.3113698]]}},{"type":"Feature","properties":{"id":294260693,"kind":"road","name":null,"highway":"residential"},"geometry":{"type":"LineString","coordinates":[[-72.1028491,4.314912],[-72.1031683,4.3144625],[-72.1034084,4.3141244],[-72.10365,4.3137842],[-72.1039147,4.3134645],[-72.104267,4.3130137]]}},{"type":"Feature","properties":{"id":294260694,"kind":"road","name":"Carrera 17","highway":"residential"},"geometry":{"type":"LineString","coordinates":[[-72.0792227,4.3090903],[-72.0779688,4.3096345],[-72.0779117,4.3096925]]}},{"type":"Feature","properties":{"id":294260696,"kind":"road","name":"Calle 13B","highway":"residential"},"geometry":{"type":"LineString","coordinates":[[-72.0839103,4.3106725],[-72.0838344,4.3103956],[-72.0836924,4.309878],[-72.083692,4.3097452]]}},{"type":"Feature","properties":{"id":294260697,"kind":"road","name":null,"highway":"residential"},"geometry":{"type":"LineString","coordinates":[[-72.1055075,4.3107007],[-72.1062888,4.31116],[-72.1065638,4.3113226],[-72.1073966,4.3118263]]}},{"type":"Feature","properties":{"id":294260698,"kind":"road","name":"Carrera 1A","highway":"residential"},"geometry":{"type":"LineString","coordinates":[[-72.0845127,4.3246105],[-72.0841388,4.3243565],[-72.0839026,4.3242124],[-72.0832871,4.3237696],[-72.0831085,4.3236411],[-72.0828627,4.3234641]]}},{"type":"Feature","properties":{"id":294260699,"kind":"road","name":"Calle 13","highway":"residential"},"geometry":{"type":"LineString","coordinates":[[-72.0826553,4.3124398],[-72.0826467,4.3123393],[-72.0824676,4.3115705],[-72.082341,4.3110389]]}},{"type":"Feature","properties":{"id":294260700,"kind":"road","name":"Carrera 14","highway":"residential"},"geometry":{"type":"LineString","coordinates":[[-72.077184,4.3111351],[-72.0771634,4.3111191],[-72.0771483,4.3110978],[-72.07714,4.3110731],[-72.0769007,4.3101349]]}},{"type":"Feature","properties":{"id":294260703,"kind":"road","name":"Carrera 6","highway":"residential"},"geometry":{"type":"LineString","coordinates":[[-72.0846349,4.3171243],[-72.084564,4.3170621],[-72.0840788,4.3166369],[-72.0836523,4.3162632],[-72.0832303,4.3158935],[-72.0828616,4.3155705],[-72.0826831,4.3154141],[-72.0824278,4.3151904]]}},{"type":"Feature","properties":{"id":294260704,"kind":"road","name":"Carrera 9A","highway":"residential"},"geometry":{"type":"LineString","coordinates":[[-72.0786903,4.3142672],[-72.078937,4.3140662],[-72.0794523,4.3136939],[-72.080222,4.3132405],[-72.0807184,4.3130042]]}},{"type":"Feature","properties":{"id":294260705,"kind":"road","name":"Carrera 2A","highway":"residential"},"geometry":{"type":"LineString","coordinates":[[-72.0850607,4.3231114],[-72.0848249,4.3229431],[-72.0844961,4.3227086],[-72.0838596,4.3222517],[-72.0826816,4.321414]]}},{"type":"Feature","properties":{"id":294260706,"kind":"road","name":null,"highway":"service"},"geometry":{"type":"LineString","coordinates":[[-72.0767492,4.3116171],[-72.0774672,4.3113771],[-72.0775674,4.3113525],[-72.0776791,4.3113742]]}},{"type":"Feature","properties":{"id":294260707,"kind":"road","name":"Carrera 16","highway":"residential"},"geometry":{"type":"LineString","coordinates":[[-72.0769007,4.3101349],[-72.0771958,4.3100497],[-72.0779164,4.3098769]]}},{"type":"Feature","properties":{"id":294260708,"kind":"road","name":"Calle 21","highway":"residential"},"geometry":{"type":"LineString","coordinates":[[-72.0835608,4.320772],[-72.0840957,4.3201232],[-72.0842761,4.3198859],[-72.0844509,4.3196529]]}},{"type":"Feature","properties":{"id":294260709,"kind":"road","name":"Carrera 3","highway":"residential"},"geometry":{"type":"LineString","coordinates":[[-72.0839056,4.3189588],[-72.083561,4.3186798]]}},{"type":"Feature","properties":{"id":294260711,"kind":"road","name":"Carrera 11","highway":"residential"},"geometry":{"type":"LineString","coordinates":[[-72.0840109,4.3116001],[-72.0835171,4.3114467],[-72.0832279,4.3113818],[-72.0824676,4.3115705]]}},{"type":"Feature","properties":{"id":294260712,"kind":"road","name":"Carrera 2C","highway":"residential"},"geometry":{"type":"LineString","coordinates":[[-72.0855416,4.3224591],[-72.0853012,4.3222878],[-72.0849683,4.3220505],[-72.0846968,4.3218569],[-72.0843335,4.321598],[-72.0831483,4.3207652],[-72.0828175,4.3205175],[-72.0824714,4.3202719],[-72.0823929,4.3202152],[-72.0819818,4.3199219],[-72.081786,4.3197824],[-72.0817645,4.3197766],[-72.0817492,4.3197762]]}},{"type":"Feature","properties":{"id":294260713,"kind":"road","name":"Carrera 14","highway":"residential"},"geometry":{"type":"LineString","coordinates":[[-72.0782396,4.3109865],[-72.0781392,4.3109648],[-72.078016,4.3109644],[-72.0775961,4.3110179],[-72.07726,4.3111405],[-72.0772345,4.3111462],[-72.0772084,4.3111444],[-72.077184,4.3111351]]}},{"type":"Feature","properties":{"id":294260714,"kind":"road","name":null,"highway":"residential"},"geometry":{"type":"LineString","coordinates":[[-72.1081677,4.3106408],[-72.1078287,4.3104417],[-72.1074701,4.3102311],[-72.1071012,4.3100145],[-72.1067351,4.3097995],[-72.1063655,4.3095841]]}},{"type":"Feature","properties":{"id":294260715,"kind":"road","name":"Calle 13B","highway":"residential"},"geometry":{"type":"LineString","coordinates":[[-72.0831958,4.3124099],[-72.0833754,4.3119227],[-72.0835171,4.3114467],[-72.0837607,4.3107067]]}},{"type":"Feature","properties":{"id":294260716,"kind":"road","name":null,"highway":"residential"},"geometry":{"type":"LineString","coordinates":[[-72.1057569,4.3103762],[-72.1061513,4.3106103],[-72.1065257,4.310832],[-72.1068846,4.3110444],[-72.1072536,4.3112629],[-72.1075948,4.311465],[-72.107649,4.311497]]}},{"type":"Feature","properties":{"id":294260717,"kind":"road","name":"Calle 11","highway":"residential"},"geometry":{"type":"LineString","coordinates":[[-72.0804682,4.3102807],[-72.0802298,4.3095953],[-72.0799681,4.308836],[-72.0798884,4.3085843]]}},{"type":"Feature","properties":{"id":294260718,"kind":"road","name":null,"highway":"residential"},"geometry":{"type":"LineString","coordinates":[[-72.1073966,4.3118263],[-72.107162,4.3121596],[-72.107096,4.312121],[-72.106745,4.3118931],[-72.1063361,4.3116497],[-72.1060504,4.3114858],[-72.1052643,4.3110173]]}},{"type":"Feature","properties":{"id":294260720,"kind":"road","name":"Carrera 17","highway":"residential"},"geometry":{"type":"LineString","coordinates":[[-72.0792687,4.3092451],[-72.0799681,4.308836],[-72.0802825,4.3087107],[-72.0805488,4.3086085]]}},{"type":"Feature","properties":{"id":294260721,"kind":"road","name":"Calle 10","highway":"residential"},"geometry":{"type":"LineString","coordinates":[[-72.0796446,4.3105095],[-72.0794316,4.309791],[-72.0792687,4.3092451],[-72.0792227,4.3090903]]}},{"type":"Feature","properties":{"id":294260722,"kind":"road","name":"Calle 19","highway":"residential"},"geometry":{"type":"LineString","coordinates":[[-72.0855846,4.3165226],[-72.0851402,4.3171369],[-72.0848577,4.3175751],[-72.0842286,4.3184937],[-72.0840556,4.3187425],[-72.0839056,4.3189588]]}},{"type":"Feature","properties":{"id":294260726,"kind":"road","name":"Carrera 2","highway":"residential"},"geometry":{"type":"LineString","coordinates":[[-72.0848335,4.3234186],[-72.0846003,4.3232522],[-72.0842734,4.3230189],[-72.0836246,4.3225633],[-72.0824496,4.3217177]]}},{"type":"Feature","properties":{"id":294260733,"kind":"road","name":"Carrera 10","highway":"tertiary"},"geometry":{"type":"LineString","coordinates":[[-72.0822941,4.3123351],[-72.082092,4.3123051],[-72.0818684,4.3122893],[-72.0815746,4.3122961],[-72.0813304,4.3123474]]}},{"type":"Feature","properties":{"id":294260754,"kind":"road","name":"Carrera 13","highway":"residential"},"geometry":{"type":"LineString","coordinates":[[-72.0811788,4.3103849],[-72.0821366,4.3101811],[-72.0829015,4.3100233],[-72.0836924,4.309878],[-72.0844149,4.3098008]]}},{"type":"Feature","properties":{"id":294260758,"kind":"road","name":"Calle 27","highway":"residential"},"geometry":{"type":"LineString","coordinates":[[-72.0842734,4.3230189],[-72.0843457,4.3229182],[-72.0844961,4.3227086],[-72.0847012,4.3224228],[-72.0849044,4.3221395]]}},{"type":"Feature","properties":{"id":294260770,"kind":"road","name":"Calle 14","highway":"residential"},"geometry":{"type":"LineString","coordinates":[[-72.0810378,4.3166543],[-72.0814387,4.3162209],[-72.0819467,4.3157025],[-72.0824278,4.3151904],[-72.0828645,4.3147079]]}},{"type":"Feature","properties":{"id":294260784,"kind":"road","name":"Calle 6","highway":"residential"},"geometry":{"type":"LineString","coordinates":[[-72.0786903,4.3142672],[-72.0784999,4.3139578],[-72.0784438,4.3138698],[-72.0782328,4.3135085],[-72.0780078,4.3131231],[-72.0777524,4.3126859],[-72.0773117,4.3118859],[-72.0773036,4.311865],[-72.0773019,4.3118426],[-72.0773068,4.3118206]]}},{"type":"Feature","properties":{"id":294260797,"kind":"road","name":"Calle 13A","highway":"residential"},"geometry":{"type":"LineString","coordinates":[[-72.0833754,4.3119227],[-72.0832279,4.3113818],[-72.083124,4.3108531],[-72.0829015,4.3100233]]}},{"type":"Feature","properties":{"id":294260813,"kind":"road","name":"Carrera 9a","highway":"residential"},"geometry":{"type":"LineString","coordinates":[[-72.0860996,4.3148164],[-72.0859011,4.3146213],[-72.0855502,4.314279],[-72.0851137,4.3138532],[-72.0845066,4.3132534]]}},{"type":"Feature","properties":{"id":294260821,"kind":"road","name":"Calle 17A","highway":"residential"},"geometry":{"type":"LineString","coordinates":[[-72.0828183,4.318073],[-72.0831557,4.3176385],[-72.0836206,4.3171335],[-72.0840788,4.3166369],[-72.0847501,4.3159045],[-72.0852252,4.3152662]]}},{"type":"Feature","properties":{"id":294260822,"kind":"road","name":"Calle 14","highway":"residential"},"geometry":{"type":"LineString","coordinates":[[-72.0840288,4.3128308],[-72.0836582,4.3138109],[-72.0835732,4.3139786],[-72.0833197,4.3142308],[-72.0828645,4.3147079]]}},{"type":"Feature","properties":{"id":294260825,"kind":"road","name":"Carrera 10","highway":"tertiary"},"geometry":{"type":"LineString","coordinates":[[-72.0868066,4.3134047],[-72.0859394,4.3131684],[-72.0858995,4.3131569],[-72.084809,4.312844],[-72.0837188,4.3125463],[-72.0831958,4.3124099],[-72.0829332,4.3123674],[-72.0826467,4.3123393],[-72.0823978,4.3123666]]}},{"type":"Feature","properties":{"id":294260833,"kind":"road","name":"Carrera 13","highway":"residential"},"geometry":{"type":"LineString","coordinates":[[-72.0773068,4.3118206],[-72.0773179,4.3118011],[-72.0773342,4.3117856],[-72.0773543,4.3117755],[-72.0775876,4.311678],[-72.0778338,4.3115823],[-72.0784985,4.3113045],[-72.0793536,4.3109616],[-72.08005,4.3106571]]}},{"type":"Feature","properties":{"id":294260834,"kind":"road","name":"Calle 13","highway":"residential"},"geometry":{"type":"LineString","coordinates":[[-72.0824473,4.3058476],[-72.0825363,4.3062376],[-72.0825365,4.3063389],[-72.0824997,4.3064553],[-72.0821404,4.306978],[-72.0818245,4.3074774],[-72.0816112,4.3078555],[-72.0815542,4.3078856]]}},{"type":"Feature","properties":{"id":294260835,"kind":"road","name":"Calle 12","highway":"residential"},"geometry":{"type":"LineString","coordinates":[[-72.0811061,4.3101034],[-72.0811788,4.3103849],[-72.0813294,4.3109482],[-72.0812959,4.3110462],[-72.0812285,4.3111186],[-72.0810974,4.3112147],[-72.0810015,4.311323]]}},{"type":"Feature","properties":{"id":294260836,"kind":"road","name":null,"highway":"residential"},"geometry":{"type":"LineString","coordinates":[[-72.1121538,4.3068207],[-72.1118084,4.3066075],[-72.1114552,4.3063895],[-72.11113,4.3061888],[-72.1107593,4.30596],[-72.1104054,4.3057416],[-72.1100485,4.3055213],[-72.1096689,4.305285]]}},{"type":"Feature","properties":{"id":294260837,"kind":"road","name":null,"highway":"residential"},"geometry":{"type":"LineString","coordinates":[[-72.1099441,4.3096148],[-72.1096198,4.3094196],[-72.1092639,4.3092053],[-72.1088842,4.3089768],[-72.1085569,4.3087797],[-72.1081879,4.3085575],[-72.107833,4.3083438],[-72.1074796,4.3081342]]}},{"type":"Feature","properties":{"id":294260838,"kind":"road","name":null,"highway":"residential"},"geometry":{"type":"LineString","coordinates":[[-72.1089696,4.3102545],[-72.1089238,4.3102272],[-72.1086164,4.3100434],[-72.108255,4.3098273],[-72.107915,4.309624],[-72.1075459,4.3094033],[-72.1071784,4.3091835],[-72.1068315,4.3089777]]}},{"type":"Feature","properties":{"id":294260839,"kind":"road","name":null,"highway":"residential"},"geometry":{"type":"LineString","coordinates":[[-72.1115924,4.3075653],[-72.1112297,4.3073503],[-72.110881,4.3071436],[-72.1105322,4.3069369],[-72.1101652,4.3067194],[-72.1098289,4.3065201],[-72.1094448,4.3062924],[-72.1090683,4.3060666]]}},{"type":"Feature","properties":{"id":294260840,"kind":"road","name":null,"highway":"residential"},"geometry":{"type":"LineString","coordinates":[[-72.0848541,4.3056202],[-72.084307,4.3054837],[-72.0842278,4.3054636],[-72.0841473,4.3054718],[-72.084087,4.3055038],[-72.0840331,4.30556],[-72.0838852,4.3057777],[-72.0837877,4.3060065],[-72.0837357,4.3061245]]}},{"type":"Feature","properties":{"id":294260841,"kind":"road","name":null,"highway":"residential"},"geometry":{"type":"LineString","coordinates":[[-72.1117926,4.3046388],[-72.1113341,4.3052265],[-72.1107593,4.30596],[-72.1101652,4.3067194],[-72.109411,4.3076824],[-72.1089468,4.3082656],[-72.1085569,4.3087797],[-72.107915,4.309624],[-72.1074701,4.3102311],[-72.1068846,4.3110444]]}},{"type":"Feature","properties":{"id":294260842,"kind":"road","name":null,"highway":"residential"},"geometry":{"type":"LineString","coordinates":[[-72.1111608,4.3040651],[-72.1110432,4.3042307],[-72.1106293,4.30479],[-72.1100485,4.3055213],[-72.1094448,4.3062924],[-72.1086912,4.3072549],[-72.1082293,4.3078307],[-72.107833,4.3083438],[-72.1071784,4.3091835]]}},{"type":"Feature","properties":{"id":294260843,"kind":"road","name":"Carrera 9","highway":"residential"},"geometry":{"type":"LineString","coordinates":[[-72.085561,4.3155956],[-72.0852773,4.3153146],[-72.0852252,4.3152662],[-72.0848973,4.3149616],[-72.084463,4.3145581],[-72.0839873,4.3141067],[-72.0836582,4.3138109]]}},{"type":"Feature","properties":{"id":294260846,"kind":"road","name":"Carrera 2d","highway":"residential"},"geometry":{"type":"LineString","coordinates":[[-72.0854295,4.3221111],[-72.0851678,4.3219264],[-72.0849138,4.321747],[-72.0847008,4.3215967],[-72.0844592,4.3214263],[-72.0840473,4.3211163],[-72.0838069,4.3209297],[-72.0835608,4.320772],[-72.0833043,4.3205908]]}},{"type":"Feature","properties":{"id":294260849,"kind":"road","name":"Calle 16","highway":"residential"},"geometry":{"type":"LineString","coordinates":[[-72.0819037,4.3173308],[-72.0822756,4.3169118],[-72.0827625,4.3163999],[-72.0832303,4.3158935],[-72.0838131,4.3152622],[-72.084463,4.3145581],[-72.0851137,4.3138532],[-72.0856309,4.3132868]]}},{"type":"Feature","properties":{"id":294260854,"kind":"road","name":null,"highway":"residential"},"geometry":{"type":"LineString","coordinates":[[-72.1103424,4.3091115],[-72.1100134,4.3089121],[-72.1096604,4.3086981],[-72.1092897,4.3084734],[-72.1089468,4.3082656],[-72.1085836,4.3080455],[-72.1082293,4.3078307],[-72.1078754,4.3076191]]}},{"type":"Feature","properties":{"id":294260859,"kind":"road","name":null,"highway":"residential"},"geometry":{"type":"LineString","coordinates":[[-72.1108128,4.308515],[-72.1107237,4.3084621],[-72.1104774,4.3083158],[-72.110125,4.3081065],[-72.1097544,4.3078864],[-72.109411,4.3076824],[-72.1090645,4.3074766],[-72.1086912,4.3072549],[-72.108322,4.3070378]]}},{"type":"Feature","properties":{"id":294260860,"kind":"road","name":"Calle 18","highway":"secondary"},"geometry":{"type":"LineString","coordinates":[[-72.0824136,4.3203517],[-72.0824714,4.3202719],[-72.08265,4.3200054],[-72.083561,4.3186798],[-72.0838695,4.3182335],[-72.0842543,4.3176753],[-72.0844914,4.3173329],[-72.0846349,4.3171243],[-72.0847941,4.316895],[-72.0852344,4.3162822],[-72.0856401,4.3156701],[-72.0861795,4.3148895],[-72.0869449,4.3137951],[-72.0869727,4.3137413]]}},{"type":"Feature","properties":{"id":294260861,"kind":"road","name":"Calle 20","highway":"residential"},"geometry":{"type":"LineString","coordinates":[[-72.0841986,4.3194672],[-72.0838356,4.3199213],[-72.0833043,4.3205908],[-72.0831483,4.3207652],[-72.0830984,4.3208401],[-72.0828949,4.321134],[-72.0826816,4.321414],[-72.0824496,4.3217177],[-72.0823803,4.3218092],[-72.0821637,4.3220932],[-72.081988,4.3223238],[-72.0818115,4.3225554],[-72.0814947,4.3229805]]}},{"type":"Feature","properties":{"id":294260862,"kind":"road","name":"Calle 18","highway":"secondary"},"geometry":{"type":"LineString","coordinates":[[-72.0868613,4.3137181],[-72.0860996,4.3148164],[-72.085561,4.3155956],[-72.0851359,4.3162253],[-72.084564,4.3170621],[-72.0841726,4.3176054],[-72.0837756,4.3181655],[-72.0834872,4.3186239],[-72.0823929,4.3202152],[-72.0823353,4.320292]]}},{"type":"Feature","properties":{"id":294260863,"kind":"road","name":"Calle 17","highway":"residential"},"geometry":{"type":"LineString","coordinates":[[-72.0823164,4.3176602],[-72.0826978,4.3172614],[-72.0831802,4.316757],[-72.0836523,4.3162632],[-72.0843295,4.3155553],[-72.0848973,4.3149616],[-72.0855502,4.314279],[-72.0863062,4.313479]]}},{"type":"Feature","properties":{"id":294260864,"kind":"road","name":"Calle 29","highway":"residential"},"geometry":{"type":"LineString","coordinates":[[-72.0839492,4.3246175],[-72.0841388,4.3243565],[-72.0843059,4.324132],[-72.0844878,4.3238878],[-72.0846474,4.3236734],[-72.0847767,4.3234959],[-72.0848335,4.3234186],[-72.0850607,4.3231114],[-72.0854755,4.3225486],[-72.0855416,4.3224591],[-72.0861088,4.3216862],[-72.0864169,4.3212741],[-72.0864227,4.3212453],[-72.0864205,4.321216]]}},{"type":"Feature","properties":{"id":294260865,"kind":"road","name":"Carrera 10","highway":"tertiary"},"geometry":{"type":"LineString","coordinates":[[-72.0823978,4.3123666],[-72.0826553,4.3124398],[-72.0827995,4.3124809],[-72.0829342,4.3125192],[-72.0831764,4.3125882],[-72.0833862,4.3126479],[-72.0840288,4.3128308],[-72.084641,4.3130061],[-72.0856309,4.3132868],[-72.0863062,4.313479],[-72.0867604,4.3136083]]}},{"type":"Feature","properties":{"id":294260866,"kind":"road","name":"Calle 7","highway":"tertiary"},"geometry":{"type":"LineString","coordinates":[[-72.0785971,4.3132912],[-72.0784349,4.3129197],[-72.0782265,4.3124535],[-72.077938,4.3118134],[-72.0778338,4.3115823],[-72.0777336,4.3113346]]}},{"type":"Feature","properties":{"id":294260867,"kind":"road","name":"Calle 18","highway":"secondary"},"geometry":{"type":"LineString","coordinates":[[-72.0823353,4.320292],[-72.0820987,4.3206436],[-72.0818748,4.3209701],[-72.0816488,4.3212912],[-72.0814119,4.3216329],[-72.0812322,4.3218857],[-72.0810523,4.3221324],[-72.08089,4.322369],[-72.0807868,4.3225148]]}},{"type":"Feature","properties":{"id":294260868,"kind":"road","name":"Carrea 2f","highway":"residential"},"geometry":{"type":"LineString","coordinates":[[-72.0861088,4.3216862],[-72.0858719,4.3215023],[-72.0856354,4.3213188],[-72.0854023,4.3211377],[-72.0851832,4.3209686],[-72.0849336,4.3207738],[-72.0845607,4.3204819],[-72.0843335,4.3203054],[-72.0840957,4.3201232],[-72.0838356,4.3199213]]}},{"type":"Feature","properties":{"id":294260869,"kind":"road","name":null,"highway":"residential"},"geometry":{"type":"LineString","coordinates":[[-72.1072536,4.3112629],[-72.1078287,4.3104417],[-72.108255,4.3098273],[-72.1088842,4.3089768],[-72.1092897,4.3084734],[-72.1097544,4.3078864],[-72.1105322,4.3069369],[-72.11113,4.3061888],[-72.1116829,4.3054426],[-72.1120718,4.3049144]]}},{"type":"Feature","properties":{"id":294260871,"kind":"road","name":"Puerto López - Puerto Gaitán","highway":"trunk"},"geometry":{"type":"LineString","coordinates":[[-72.0871585,4.3135235],[-72.0871513,4.3134845],[-72.0871301,4.3134358],[-72.0870968,4.3133943],[-72.0870437,4.3133578],[-72.0869818,4.3133398],[-72.0869174,4.3133421],[-72.0868569,4.3133645],[-72.0868066,4.3134047],[-72.0867696,4.313463],[-72.0867545,4.3135303],[-72.0867604,4.3136083],[-72.0867783,4.3136353],[-72.0868003,4.3136682],[-72.0868283,4.3136961],[-72.0868613,4.3137181],[-72.0868967,4.3137328],[-72.0869343,4.3137407],[-72.0869727,4.3137413],[-72.0870118,4.3137343],[-72.0870488,4.3137198],[-72.0870823,4.3136984],[-72.0871109,4.3136708],[-72.0871336,4.3136383],[-72.0871494,4.3136019],[-72.0871578,4.3135631],[-72.0871585,4.3135235]]}},{"type":"Feature","properties":{"id":294260872,"kind":"road","name":"Ruta Nacional 40","highway":"trunk"},"geometry":{"type":"LineString","coordinates":[[-72.0870968,4.3133943],[-72.0871835,4.3133611],[-72.0872238,4.3133214],[-72.087249,4.313265],[-72.0875837,4.3122863],[-72.0878415,4.3115521],[-72.0880551,4.3110103],[-72.0881594,4.3107456],[-72.0881972,4.3106221],[-72.0882025,4.3105262],[-72.0881782,4.3104332],[-72.088142,4.3103762],[-72.0881265,4.310352],[-72.0880525,4.3102904],[-72.0879632,4.3102542],[-72.0872658,4.3101472],[-72.0867085,4.3100864],[-72.0856035,4.3099961],[-72.0850481,4.3099201],[-72.0845604,4.3098242],[-72.0844149,4.3098008],[-72.0840714,4.3097454],[-72.083692,4.3097452],[-72.0836088,4.3097479],[-72.0829123,4.3098226],[-72.0820708,4.3099053],[-72.0816781,4.3099772],[-72.0811061,4.3101034],[-72.0810143,4.3101289],[-72.0804682,4.3102807],[-72.07996,4.3104223],[-72.0796446,4.3105095],[-72.0792342,4.310649],[-72.0787105,4.3107808],[-72.0785082,4.3108457],[-72.0783316,4.3109307],[-72.0782396,4.3109865],[-72.0777336,4.3113346],[-72.0776791,4.3113742],[-72.0769165,4.3118514]]}},{"type":"Feature","properties":{"id":294260874,"kind":"road","name":"Ruta Nacional 40","highway":"trunk"},"geometry":{"type":"LineString","coordinates":[[-72.0769165,4.3118514],[-72.075071,4.312968]]}},{"type":"Feature","properties":{"id":294260880,"kind":"road","name":"Ruta Nacional 40","highway":"trunk"},"geometry":{"type":"LineString","coordinates":[[-72.1561748,4.3396771],[-72.1560306,4.3376683],[-72.155314,4.3358734],[-72.1534994,4.3329045],[-72.1528346,4.3323216],[-72.1429014,4.3255525],[-72.1423788,4.3252487],[-72.1416433,4.3250915],[-72.1406675,4.3250092],[-72.1371403,4.3246892],[-72.1345352,4.3244554],[-72.1342616,4.3244107],[-72.1339948,4.3243281],[-72.1335009,4.3241287],[-72.1328165,4.3238454],[-72.1286565,4.3219717],[-72.12372,4.3198136],[-72.1217573,4.3189726],[-72.1137528,4.3156747],[-72.112751,4.3152916],[-72.1113715,4.3148462],[-72.1107865,4.3147329],[-72.1104488,4.3147329],[-72.110083,4.314792],[-72.1083696,4.3153466],[-72.1075657,4.3155229],[-72.1067827,4.3156171],[-72.1046893,4.3159453],[-72.1045093,4.3159375],[-72.1043315,4.3158855],[-72.1042143,4.3158251],[-72.1040988,4.3157358],[-72.1036559,4.3149949],[-72.1035931,4.3149334],[-72.1035196,4.3148957],[-72.1034383,4.3148826],[-72.103123,4.3148901],[-72.1028491,4.314912],[-72.1022423,4.3149502],[-72.1013946,4.3150403],[-72.1003009,4.3150713],[-72.0998495,4.3150719],[-72.0994547,4.3150717],[-72.0993045,4.3150716],[-72.0962401,4.3150697],[-72.0956702,4.315071],[-72.0949084,4.3150526],[-72.0944462,4.3150323],[-72.094035,4.3149815],[-72.0937828,4.3149375],[-72.09346,4.314865],[-72.0923709,4.3146301],[-72.0906301,4.3142545],[-72.0904157,4.3142097],[-72.0898539,4.3140965],[-72.0895206,4.3140242],[-72.0888716,4.3138711],[-72.0878942,4.3136645],[-72.0878717,4.3136592],[-72.0877358,4.3136163],[-72.0872666,4.3135112],[-72.0871513,4.3134845]]}},{"type":"Feature","properties":{"id":372250387,"kind":"road","name":"Ruta Nacional 40","highway":"trunk"},"geometry":{"type":"LineString","coordinates":[[-71.7523846,4.5070629],[-71.7594831,4.5014207],[-71.7881505,4.4872166],[-71.7936577,4.4854486],[-71.7969997,4.4843757],[-71.8181861,4.4776205],[-71.81994,4.4770768],[-71.8210682,4.4767093],[-71.8216127,4.4765141],[-71.8220902,4.4762307],[-71.826421,4.4712111],[-71.8270946,4.4705647],[-71.8306478,4.4688316],[-71.831779,4.468262],[-71.8461507,4.4613961],[-71.8521673,4.4583962],[-71.858388,4.4554193],[-71.8896819,4.4402909],[-71.8922568,4.4390501],[-71.894557,4.4374627],[-71.89608,4.4364581],[-71.89823,4.4350522],[-71.8988282,4.4347019],[-71.8993807,4.4343355],[-71.8998876,4.433913],[-71.9002812,4.4334524],[-71.9048604,4.4273826],[-71.9071537,4.4243661],[-71.9077331,4.4235718],[-71.9083527,4.4228177],[-71.9094882,4.4212995],[-71.9098792,4.4207808],[-71.9163832,4.4121528],[-71.9170211,4.4113101],[-71.9198486,4.4075745],[-71.9207793,4.4063082],[-71.9215921,4.405288],[-71.922445,4.4041113],[-71.9232803,4.4029919],[-71.9257039,4.3997816],[-71.9265575,4.3986655],[-71.926927,4.3981824],[-71.9280696,4.3965832],[-71.9303978,4.3887688],[-71.9306124,4.3881804],[-71.9385353,4.3765896],[-71.9415504,4.3721395],[-71.9445759,4.3676572],[-71.9479986,4.362616],[-71.9506662,4.358687],[-71.9507402,4.3585701],[-71.9520033,4.3566597],[-71.9522345,4.356362],[-71.9525194,4.3561672],[-71.9554496,4.3547771],[-71.9627687,4.3513834],[-71.9645885,4.3505623],[-71.965992,4.3501053],[-71.9662757,4.3500106],[-71.9671428,4.3497213],[-71.9678023,4.3495012],[-71.9683919,4.3493045],[-71.9689582,4.3491155],[-71.971506,4.3482653],[-71.9758451,4.3468392],[-71.97791,4.3461641],[-71.9819135,4.3448506],[-71.9846868,4.3439458],[-71.9849248,4.3438688],[-71.9857977,4.3435865],[-71.9884753,4.3420021],[-71.9909761,4.3405223],[-71.9921627,4.3394103],[-71.993844,4.3378685],[-71.9949093,4.3372316],[-72.0121323,4.3269093],[-72.0179416,4.3234012],[-72.0256454,4.3187492],[-72.0290638,4.3166696],[-72.0302001,4.3159829],[-72.030465,4.315822],[-72.0307911,4.3156239],[-72.0309308,4.3155163]]}},{"type":"Feature","properties":{"id":417863269,"kind":"waterway","name":"Río Manacacías","highway":null},"geometry":{"type":"LineString","coordinates":[[-72.1104189,4.1736409],[-72.1111913,4.1756954],[-72.1113261,4.1806495],[-72.1113094,4.1821476],[-72.1115991,4.1835494],[-72.112517,4.1849296],[-72.1137509,4.1868128],[-72.116824,4.1891777],[-72.1176776,4.1900656],[-72.1176776,4.1910287],[-72.1174201,4.1918954],[-72.1164485,4.1930511],[-72.1148774,4.1938535],[-72.1134766,4.1942175],[-72.1128389,4.1956404],[-72.11256,4.196368],[-72.1128436,4.1975987],[-72.1133539,4.1990965],[-72.1146246,4.2025421],[-72.1155748,4.2037724],[-72.1166369,4.2047568],[-72.1167918,4.2062336],[-72.1165725,4.2069289],[-72.1149894,4.2076888],[-72.1135256,4.2080096],[-72.111884,4.2076351],[-72.1098288,4.206469],[-72.1085306,4.2062443],[-72.1067986,4.2069075],[-72.1053716,4.2082022],[-72.1046468,4.2104173],[-72.103767,4.212493],[-72.102904,4.2140336],[-72.1011492,4.2156923],[-72.1000931,4.2173078],[-72.0998678,4.2183564],[-72.0999261,4.2198866],[-72.1008119,4.2213202],[-72.101868,4.2224117],[-72.1027324,4.2229893],[-72.1039662,4.2234066],[-72.1050116,4.2236957],[-72.1055969,4.2245301],[-72.1056338,4.2258142],[-72.1049961,4.2265951],[-72.1038267,4.2284355],[-72.1029087,4.230062],[-72.1012303,4.2315384],[-72.0982845,4.2332077],[-72.0952483,4.2340637],[-72.0940252,4.2344595],[-72.0913705,4.2344165],[-72.0883605,4.2336571],[-72.0877442,4.2337532],[-72.0867571,4.2343096],[-72.0859632,4.2354758],[-72.0850881,4.2361929],[-72.0834788,4.239606],[-72.0828411,4.2403976],[-72.0816119,4.2408257],[-72.0797297,4.2411679],[-72.0787749,4.2409967],[-72.077702,4.2402371],[-72.0767947,4.2397879],[-72.0749816,4.2394883],[-72.0737216,4.2398626],[-72.0728465,4.2411574],[-72.0724663,4.243158],[-72.0733293,4.2448059],[-72.073619,4.2464216],[-72.0732066,4.2472452],[-72.0714947,4.2480906],[-72.0696815,4.2488931],[-72.0681044,4.2490964],[-72.0648749,4.2489252],[-72.0629331,4.2485508],[-72.0620701,4.2485933],[-72.0607504,4.2494814],[-72.0603534,4.2506048],[-72.0608515,4.2516801],[-72.0618814,4.2532208],[-72.0634004,4.2553232],[-72.0650035,4.2565696],[-72.0666405,4.257356],[-72.0687479,4.2580141],[-72.0699128,4.2584581],[-72.0707328,4.2592337],[-72.0709857,4.2601271],[-72.0707282,4.2609403],[-72.0703894,4.2618872],[-72.0698163,4.2625772],[-72.0685717,4.2633476],[-72.0673853,4.264134],[-72.066941,4.265145],[-72.0673594,4.2669532],[-72.0694775,4.2703716],[-72.0723912,4.2733726],[-72.0726961,4.2740628],[-72.0725629,4.2750845],[-72.0724878,4.2758655],[-72.0719236,4.2765663],[-72.0712861,4.2773098],[-72.0705029,4.2777271],[-72.0691082,4.2779732],[-72.067413,4.278369],[-72.0663125,4.2783637],[-72.0617634,4.2766733],[-72.0606968,4.2765395],[-72.0599028,4.2767749],[-72.0581585,4.2773794],[-72.0569354,4.2798723],[-72.0567164,4.2812364],[-72.0566413,4.2818141],[-72.0558196,4.2824935],[-72.0545,4.2826647],[-72.0532831,4.2821779],[-72.0513734,4.2809689],[-72.0495862,4.2800649],[-72.0488951,4.2794924],[-72.0474574,4.2792357],[-72.0454235,4.2803644],[-72.0442817,4.2815894],[-72.0438632,4.2827877],[-72.0438847,4.2836222],[-72.0435888,4.2850398],[-72.0437027,4.2877425],[-72.0447423,4.2896485],[-72.0463738,4.2904267],[-72.0482191,4.2909509],[-72.0493404,4.291937],[-72.0507235,4.294305],[-72.0523015,4.2957015],[-72.0543283,4.2967015],[-72.0587656,4.2987182],[-72.0633147,4.3015085],[-72.0672199,4.3033186],[-72.070486,4.3063089],[-72.0761083,4.312279],[-72.0770506,4.3142695],[-72.0777139,4.3155732],[-72.0778963,4.316856],[-72.0776826,4.3184062],[-72.0762263,4.3211208],[-72.0749863,4.3269094],[-72.0719774,4.3335844],[-72.0689296,4.3367432],[-72.0669125,4.3396109],[-72.0668621,4.3424871],[-72.0671518,4.3433822],[-72.0690309,4.3445562],[-72.0709037,4.3451782],[-72.073003,4.3454221],[-72.0750731,4.3443446],[-72.0764505,4.3435212],[-72.0776953,4.3436909],[-72.0784544,4.3445367],[-72.0792249,4.347395],[-72.0791248,4.3485315],[-72.0784419,4.3496465],[-72.0768021,4.3513029],[-72.0764776,4.3528616],[-72.0774039,4.3549848],[-72.0787229,4.3561246],[-72.082011,4.3578899],[-72.0830515,4.3585772],[-72.0835588,4.3600325],[-72.0830596,4.3610147],[-72.0822113,4.3612127],[-72.0806635,4.3609403],[-72.0799351,4.3604138],[-72.0791276,4.3595435],[-72.0783645,4.3593779],[-72.0749092,4.3602867],[-72.07307,4.3627742],[-72.0715121,4.3646166],[-72.0663524,4.3670146],[-72.0634166,4.369208],[-72.0583613,4.3733794]]}},{"type":"Feature","properties":{"id":432686505,"kind":"water","name":"Manacacías","highway":null},"geometry":{"type":"Polygon","coordinates":[[[-72.0642749,4.3027475],[-72.0616463,4.3014356],[-72.0577624,4.2989963],[-72.0543077,4.2973059],[-72.0521191,4.2959793],[-72.0501235,4.2943959],[-72.0492437,4.2925771],[-72.0481923,4.2914002],[-72.0473125,4.2911435],[-72.046304,4.2910151],[-72.0444801,4.2903518],[-72.0430425,4.2882762],[-72.0428494,4.2852377],[-72.0431068,4.284232],[-72.0432785,4.2836971],[-72.0433643,4.2828198],[-72.0438579,4.2813861],[-72.0452526,4.2799097],[-72.0471409,4.2782835],[-72.0480207,4.2782835],[-72.0492008,4.2787756],[-72.0528272,4.2810866],[-72.053664,4.2817713],[-72.0547154,4.2820281],[-72.05596,4.2814931],[-72.056196,4.2810866],[-72.0564535,4.2795887],[-72.0576551,4.2770424],[-72.0581487,4.2765716],[-72.0601228,4.2760581],[-72.0611742,4.2759083],[-72.0638135,4.2767642],[-72.0667317,4.2776629],[-72.0679763,4.2778127],[-72.0702293,4.2773633],[-72.0715383,4.2764432],[-72.0719889,4.2743676],[-72.0716026,4.2738969],[-72.0689633,4.2707942],[-72.0666674,4.2667071],[-72.066324,4.2648027],[-72.066692,4.2642287],[-72.0671609,4.2634974],[-72.0684054,4.2628768],[-72.069886,4.2616999],[-72.070401,4.2604802],[-72.0702723,4.2597099],[-72.0696929,4.2591321],[-72.0646718,4.2570993],[-72.0629552,4.2557726],[-72.062248,4.2548284],[-72.0616248,4.2539965],[-72.0616463,4.2536113],[-72.0596507,4.2506797],[-72.0597078,4.2501833],[-72.0598009,4.2493744],[-72.0605734,4.2480477],[-72.0615604,4.2475341],[-72.0664528,4.2484328],[-72.0686415,4.24839],[-72.0713022,4.2476839],[-72.0723966,4.2471061],[-72.0731476,4.2460148],[-72.0727184,4.2448592],[-72.071946,4.2431473],[-72.0720318,4.2415424],[-72.0724395,4.2404297],[-72.0734051,4.2393169],[-72.074714,4.2389317],[-72.0761087,4.2389745],[-72.0778897,4.2396379],[-72.0820525,4.2402157],[-72.082546,4.2398091],[-72.0836404,4.237819],[-72.0847776,4.2356791],[-72.0855501,4.2351869],[-72.086387,4.2339886],[-72.0881465,4.2329614],[-72.0911291,4.2333466],[-72.0937255,4.2335178],[-72.0966437,4.2330256],[-72.0994761,4.2319342],[-72.1019438,4.2302651],[-72.1032527,4.228382],[-72.1045831,4.226456],[-72.1051839,4.2257499],[-72.1051624,4.2248083],[-72.1046045,4.2240379],[-72.1025875,4.2237383],[-72.1012571,4.2228181],[-72.0996907,4.2209136],[-72.0991972,4.2201432],[-72.099342,4.2184848],[-72.0993581,4.2177628],[-72.0993689,4.2172757],[-72.1006134,4.2152213],[-72.1025231,4.2135307],[-72.1036604,4.2112624],[-72.1049693,4.2076672],[-72.105613,4.2070038],[-72.1067503,4.2064046],[-72.1075389,4.2060729],[-72.1084884,4.2058268],[-72.1097758,4.2059552],[-72.112973,4.207175],[-72.1146038,4.2072178],[-72.1159127,4.2063832],[-72.1161058,4.2059124],[-72.1158269,4.205035],[-72.1139172,4.202788],[-72.1128014,4.1993426],[-72.1125482,4.1982616],[-72.1121147,4.1964108],[-72.1126941,4.1948486],[-72.1132305,4.1937786],[-72.1159449,4.1925802],[-72.1161702,4.1921094],[-72.1168783,4.190376],[-72.1164706,4.1898195],[-72.1132305,4.1872943],[-72.1121147,4.1850687],[-72.1106985,4.1837632],[-72.1106127,4.1806388],[-72.1106127,4.175738],[-72.1098831,4.1738975],[-72.1080592,4.1704734],[-72.1061709,4.1674773],[-72.1060207,4.1671135],[-72.1049693,4.1652302],[-72.1042183,4.1624695],[-72.1044758,4.1595375],[-72.1049908,4.1584032],[-72.1057632,4.1544226],[-72.1103981,4.150442],[-72.1111277,4.1500781],[-72.1128872,4.1476812],[-72.1136168,4.1459048],[-72.1139172,4.1442997],[-72.1135095,4.1435079],[-72.1128014,4.1428444],[-72.1115139,4.1399766],[-72.1110847,4.137387],[-72.1111706,4.1356535],[-72.1104839,4.1342195],[-72.1119216,4.1297251],[-72.1117714,4.1271783],[-72.1112779,4.1249525],[-72.1106341,4.123861],[-72.1088102,4.1227053],[-72.1062997,4.1210145],[-72.1042612,4.1182322],[-72.1035102,4.1156211],[-72.103875,4.1130528],[-72.1048406,4.1107414],[-72.1069649,4.1083015],[-72.1077588,4.1073812],[-72.1091106,4.1064181],[-72.1091106,4.1059258],[-72.1088102,4.1053051],[-72.1066216,4.1035287],[-72.1055058,4.1004681],[-72.1055701,4.0993338],[-72.1063211,4.0983706],[-72.1073297,4.0956525],[-72.1071795,4.0948178],[-72.1056774,4.0927631],[-72.1050337,4.0902161],[-72.105656,4.0883327],[-72.1065143,4.0874123],[-72.1082094,4.0863422],[-72.1127584,4.086706],[-72.1142605,4.086171],[-72.1154621,4.0858499],[-72.1165779,4.0851864],[-72.1170071,4.0820829],[-72.11705,4.0772244],[-72.1174791,4.0751269],[-72.1197966,4.072109],[-72.121835,4.0683634],[-72.1217707,4.0674858],[-72.1205476,4.06389],[-72.1188953,4.0599303],[-72.1182731,4.0567411],[-72.1186164,4.0526102],[-72.1189812,4.0486504],[-72.1189168,4.0473233],[-72.1201399,4.0462531],[-72.120612,4.0457394],[-72.1207407,4.0452899],[-72.1211055,4.0449475],[-72.1213415,4.043706],[-72.1218994,4.0430211],[-72.1228865,4.0430211],[-72.1253326,4.0438131],[-72.1322635,4.0480297],[-72.1340445,4.0485862],[-72.1372202,4.0502557],[-72.1434,4.0543011],[-72.1516827,4.0602514],[-72.1539143,4.0610433],[-72.1539572,4.0622205],[-72.1526697,4.0619637],[-72.1486142,4.0595878],[-72.1437862,4.056313],[-72.138851,4.0525673],[-72.1371558,4.0514757],[-72.1343663,4.0500845],[-72.1307614,4.0486932],[-72.1267703,4.0463388],[-72.1253112,4.0452899],[-72.1238306,4.0445194],[-72.1226504,4.0442411],[-72.1221998,4.0445194],[-72.1217921,4.0461247],[-72.1199039,4.049849],[-72.1197107,4.0516042],[-72.1196678,4.0559492],[-72.1203974,4.0599945],[-72.1211913,4.0624345],[-72.1232083,4.0660304],[-72.123101,4.0674644],[-72.1212771,4.0717665],[-72.1184662,4.0775454],[-72.1181014,4.0792577],[-72.1185091,4.084844],[-72.1176508,4.0862994],[-72.1166423,4.0871983],[-72.1148398,4.0878832],[-72.1117714,4.0878404],[-72.1088532,4.0877976],[-72.1082309,4.0880544],[-72.1073726,4.0890176],[-72.1068576,4.090473],[-72.1064284,4.0912435],[-72.1066216,4.0919284],[-72.1082309,4.094775],[-72.108145,4.0972577],[-72.1073297,4.099719],[-72.1069863,4.1009818],[-72.1083811,4.103015],[-72.1090892,4.1039782],[-72.1096256,4.104235],[-72.1101192,4.1042564],[-72.1102694,4.1054549],[-72.1100333,4.1065465],[-72.1088102,4.1079804],[-72.108145,4.1085583],[-72.1053556,4.1132241],[-72.1054199,4.1150004],[-72.1051624,4.1158779],[-72.1063641,4.1187673],[-72.1082309,4.1205008],[-72.1111491,4.122534],[-72.1112993,4.1234757],[-72.1119216,4.1244602],[-72.1120715,4.124856],[-72.1122864,4.1254233],[-72.1127155,4.126258],[-72.1129516,4.1275421],[-72.1132305,4.1291259],[-72.1131661,4.1307952],[-72.1123508,4.1327428],[-72.1116641,4.1347332],[-72.1123722,4.1364453],[-72.1123078,4.1371088],[-72.1128228,4.1381147],[-72.1140459,4.1400622],[-72.1141532,4.1415175],[-72.1149257,4.143144],[-72.1149471,4.1449204],[-72.1142176,4.1473601],[-72.1126512,4.1503135],[-72.1106127,4.1520685],[-72.1066001,4.1555569],[-72.1062782,4.1565627],[-72.1055058,4.1612068],[-72.1059564,4.1645668],[-72.1075657,4.1673917],[-72.1094754,4.1700454],[-72.1105698,4.1710726],[-72.1109345,4.1732341],[-72.1117929,4.1757166],[-72.1120074,4.1811096],[-72.112501,4.1832068],[-72.1133807,4.1853041],[-72.1146896,4.1867165],[-72.1159127,4.1874441],[-72.1177795,4.1891133],[-72.1184447,4.1898837],[-72.1181443,4.1912106],[-72.1179941,4.1920452],[-72.1168998,4.1933934],[-72.115033,4.194335],[-72.1138957,4.1947844],[-72.1131876,4.1956404],[-72.1131876,4.1972026],[-72.1145609,4.1999846],[-72.1166637,4.203323],[-72.1169642,4.2043502],[-72.1171787,4.2045428],[-72.1173933,4.2065116],[-72.116771,4.2074746],[-72.1150115,4.2082236],[-72.1135095,4.2084804],[-72.1115783,4.208245],[-72.1097973,4.207068],[-72.1085313,4.2069396],[-72.1072224,4.207496],[-72.1060851,4.2095932],[-72.105141,4.2106632],[-72.1044114,4.212739],[-72.1032956,4.2144723],[-72.1010426,4.2172543],[-72.100828,4.2182815],[-72.1013215,4.2198864],[-72.1019652,4.2209992],[-72.1023944,4.222005],[-72.1047762,4.2230107],[-72.105656,4.2236099],[-72.1062997,4.2255145],[-72.1060851,4.2260709],[-72.1056345,4.2262634],[-72.1052483,4.2267556],[-72.1042612,4.2285318],[-72.1034673,4.2303293],[-72.101815,4.2316561],[-72.1013001,4.2321054],[-72.0983603,4.2338388],[-72.0954636,4.2347375],[-72.0941332,4.2351655],[-72.0919633,4.235149],[-72.0913222,4.2351441],[-72.0888761,4.2344807],[-72.0882323,4.2343096],[-72.0875242,4.2344379],[-72.0860436,4.2360643],[-72.0850995,4.2374338],[-72.0840481,4.2398091],[-72.0830181,4.2407935],[-72.081559,4.2415424],[-72.0796063,4.2418206],[-72.0786407,4.2414996],[-72.0775035,4.2407507],[-72.0761302,4.2402371],[-72.0751217,4.2402157],[-72.0743921,4.2407079],[-72.0732763,4.242591],[-72.0732334,4.2434255],[-72.0738771,4.2448806],[-72.0740273,4.2464641],[-72.0739197,4.2466554],[-72.0735338,4.2473415],[-72.0719674,4.2483472],[-72.0698216,4.2494172],[-72.0686309,4.2495694],[-72.0681479,4.2496312],[-72.0647362,4.2496312],[-72.0621398,4.2500591],[-72.0616248,4.2506155],[-72.0612815,4.2512147],[-72.0621398,4.2525842],[-72.0624826,4.2530143],[-72.0641354,4.2550878],[-72.0657018,4.2562433],[-72.0668176,4.2567783],[-72.0693281,4.25757],[-72.0702508,4.2579766],[-72.0711735,4.2588753],[-72.0716241,4.2600308],[-72.0712379,4.2609938],[-72.0710018,4.2611222],[-72.0709374,4.2621065],[-72.0700362,4.2631122],[-72.0693067,4.2634332],[-72.0692852,4.2636472],[-72.067633,4.2647813],[-72.0675257,4.265359],[-72.0680407,4.2668569],[-72.0691779,4.2687613],[-72.071946,4.2717999],[-72.0720524,4.2719244],[-72.0723815,4.2723095],[-72.0735553,4.2736829],[-72.0735124,4.2743034],[-72.073169,4.274924],[-72.0730403,4.2762507],[-72.0720962,4.276914],[-72.0715383,4.2777913],[-72.0705297,4.2781765],[-72.0691779,4.2783049],[-72.0672682,4.2788612],[-72.0661524,4.2789254],[-72.0632127,4.2780053],[-72.0617536,4.2774061],[-72.0608094,4.2772564],[-72.0599726,4.2775987],[-72.0574835,4.2803162],[-72.057226,4.2816643],[-72.05699,4.2824988],[-72.0559814,4.2830766],[-72.054415,4.2832477],[-72.0530203,4.2827128],[-72.0511106,4.2814075],[-72.0492008,4.2808726],[-72.0461753,4.2805944],[-72.0454672,4.2807656],[-72.0444801,4.28267],[-72.0444587,4.284874],[-72.0448664,4.2878268],[-72.0461753,4.2892605],[-72.0487931,4.2906727],[-72.0506814,4.2925985],[-72.0517757,4.2945029],[-72.0540073,4.2959793],[-72.0581701,4.2974129],[-72.0628694,4.299681],[-72.0660451,4.3016616],[-72.0690733,4.3036663],[-72.0700121,4.3045475],[-72.0705397,4.3050405],[-72.0749179,4.3094234],[-72.0763877,4.3113384],[-72.0768705,4.3126437],[-72.0776645,4.3136065],[-72.078394,4.3153611],[-72.0786944,4.3171905],[-72.0784262,4.3176933],[-72.0782224,4.3184636],[-72.0780721,4.318945],[-72.0767418,4.3214591],[-72.0765487,4.3221331],[-72.0762161,4.3252142],[-72.0760444,4.3260487],[-72.0753792,4.3276],[-72.0746604,4.3300071],[-72.0736733,4.3317188],[-72.0722947,4.3342863],[-72.0706542,4.3367903],[-72.0693741,4.3376028],[-72.0682247,4.3393544],[-72.067951,4.3405787],[-72.0683019,4.3419854],[-72.0693215,4.3438436],[-72.0702092,4.3444164],[-72.0710921,4.3446379],[-72.0724605,4.3446027],[-72.0741561,4.3438849],[-72.0754256,4.3431055],[-72.0757706,4.3429444],[-72.0765756,4.3427833],[-72.0770822,4.34282],[-72.0778735,4.3430925],[-72.0783399,4.3435958],[-72.0787538,4.3441203],[-72.079328,4.3451832],[-72.0796415,4.34601],[-72.0797517,4.3464884],[-72.0797084,4.3473879],[-72.0796268,4.348121],[-72.0792817,4.3490945],[-72.0789182,4.3500138],[-72.0780924,4.3507769],[-72.0773692,4.3514299],[-72.0771231,4.3520109],[-72.0772902,4.3527037],[-72.0778261,4.3536761],[-72.0783347,4.3543176],[-72.0799555,4.3554494],[-72.0813481,4.3564134],[-72.0825045,4.3571707],[-72.083548,4.3580065],[-72.0843671,4.3591019],[-72.0843772,4.360071],[-72.084,4.3610001],[-72.0834854,4.3615408],[-72.0827442,4.3617568],[-72.0820314,4.3617893],[-72.0806062,4.3613467],[-72.0800207,4.3611471],[-72.0793882,4.3604685],[-72.0787523,4.3599459],[-72.0780521,4.359854],[-72.0771736,4.3600596],[-72.0763346,4.3604074],[-72.0757709,4.3607731],[-72.0749009,4.3614927],[-72.0735163,4.3633489],[-72.0723328,4.3647614],[-72.0711379,4.3656615],[-72.0696649,4.3665839],[-72.0680503,4.3672098],[-72.065884,4.3682992],[-72.0645284,4.3694467],[-72.0631946,4.3708976],[-72.0627549,4.3713768],[-72.0613389,4.3709953],[-72.0619614,4.3703456],[-72.0627101,4.369483],[-72.063256,4.3684183],[-72.0642062,4.3674887],[-72.0659261,4.3664525],[-72.0680206,4.3656245],[-72.0710473,4.3640207],[-72.071942,4.3634495],[-72.0725196,4.3625196],[-72.0731651,4.361295],[-72.0737085,4.3607585],[-72.0745406,4.3599397],[-72.0752497,4.3596144],[-72.0763875,4.3590895],[-72.077371,4.3588394],[-72.0783037,4.3587565],[-72.0789179,4.3588994],[-72.0795321,4.3593246],[-72.080313,4.3600298],[-72.0808267,4.3602657],[-72.081656,4.3605538],[-72.0822671,4.3606925],[-72.0826293,4.3604978],[-72.082462,4.3599954],[-72.0818593,4.3588704],[-72.0809875,4.3580999],[-72.079329,4.3571799],[-72.0778389,4.3561577],[-72.0770742,4.3553017],[-72.0765782,4.3544791],[-72.0761351,4.3533183],[-72.0759568,4.3522531],[-72.0760874,4.3515377],[-72.0761968,4.3509211],[-72.0763487,4.3505303],[-72.0771957,4.3496343],[-72.0777854,4.348819],[-72.0781437,4.3480918],[-72.0783062,4.3474687],[-72.0784462,4.3466704],[-72.0783835,4.3458487],[-72.0782459,4.3450885],[-72.0777662,4.3443626],[-72.0771925,4.3441272],[-72.0766627,4.3441161],[-72.0759146,4.3445313],[-72.0742255,4.3456642],[-72.0727382,4.3460121],[-72.0715848,4.3459945],[-72.0686117,4.3448375],[-72.0670562,4.3436911],[-72.0666122,4.3432305],[-72.0663634,4.3425753],[-72.0660835,4.3410247],[-72.0663816,4.3392249],[-72.0669778,4.3379603],[-72.0683542,4.3365018],[-72.0699245,4.3347215],[-72.0720425,4.3316867],[-72.0742849,4.3272683],[-72.0750681,4.3248612],[-72.0752827,4.3228606],[-72.0757869,4.3204321],[-72.0763555,4.3195869],[-72.0769134,4.3187524],[-72.0772568,4.3179822],[-72.0773426,4.3168374],[-72.077128,4.3157355],[-72.0759049,4.3132535],[-72.0748535,4.3116594],[-72.0718065,4.3085247],[-72.0692852,4.3061497],[-72.0674721,4.3046733],[-72.0642749,4.3027475]]]}},{"type":"Feature","properties":{"id":432686507,"kind":"waterway","name":null,"highway":null},"geometry":{"type":"LineString","coordinates":[[-72.0523283,4.3454123],[-72.0545277,4.3458189],[-72.0552787,4.3464394],[-72.0564696,4.3460756],[-72.0566735,4.3454337],[-72.0569524,4.3454979],[-72.057049,4.3459793],[-72.0573709,4.3459579],[-72.0578537,4.34507],[-72.0582077,4.3451449],[-72.0584652,4.3453696],[-72.0582935,4.3447705],[-72.0585618,4.3445672],[-72.0589909,4.3445137],[-72.0592591,4.3446956],[-72.0593342,4.3449202],[-72.0595166,4.3448774],[-72.059699,4.3443425],[-72.0605037,4.3440965],[-72.060729,4.3437007],[-72.0611501,4.3434907],[-72.0626629,4.3429451],[-72.0638323,4.3418753],[-72.0640469,4.3414046],[-72.0647979,4.3407413],[-72.0653343,4.3408162],[-72.0654845,4.3406344],[-72.0659137,4.3404418],[-72.0669125,4.3396109]]}},{"type":"Feature","properties":{"id":509981897,"kind":"road","name":null,"highway":"service"},"geometry":{"type":"LineString","coordinates":[[-72.0907921,4.3135243],[-72.0907554,4.3135199],[-72.0901153,4.3134046],[-72.0900522,4.3133825],[-72.0900589,4.3133083],[-72.0901113,4.3130568]]}},{"type":"Feature","properties":{"id":509981898,"kind":"road","name":null,"highway":"service"},"geometry":{"type":"LineString","coordinates":[[-72.0909709,4.3125949],[-72.0909711,4.3124814],[-72.0909441,4.3124043],[-72.0908938,4.3123501],[-72.0907878,4.3123368],[-72.0907167,4.3123682],[-72.0906584,4.3124304],[-72.0906577,4.3125053],[-72.0907114,4.3125507],[-72.0909212,4.3125933],[-72.0909709,4.3125949]]}},{"type":"Feature","properties":{"id":509981899,"kind":"road","name":null,"highway":"service"},"geometry":{"type":"LineString","coordinates":[[-72.0923709,4.3146301],[-72.0922342,4.3148796],[-72.0920062,4.3151913],[-72.0915804,4.3156929],[-72.0908985,4.316566],[-72.0903123,4.3172874]]}},{"type":"Feature","properties":{"id":698670922,"kind":"landuse","name":"Sector corpororacion de vivienda","highway":null},"geometry":{"type":"Polygon","coordinates":[[[-72.0845526,4.3266351],[-72.0837282,4.324573],[-72.0836256,4.3246263],[-72.0823941,4.323594],[-72.07734,4.3289972],[-72.0776461,4.3304382],[-72.079234,4.330481],[-72.0809721,4.330481],[-72.083032,4.3294968],[-72.0845526,4.3266351]]]}},{"type":"Feature","properties":{"id":698670927,"kind":"landuse","name":"Batallón Energético y Vial Nº 15","highway":null},"geometry":{"type":"Polygon","coordinates":[[[-72.0316224,4.3146094],[-72.0319013,4.3142189],[-72.0314293,4.3138926],[-72.0309733,4.3138017],[-72.03063,4.3137482],[-72.031043,4.3151871],[-72.0315258,4.3145238],[-72.0316224,4.3146094]]]}},{"type":"Feature","properties":{"id":700231996,"kind":"road","name":"entrada barrio san pablo","highway":"unclassified"},"geometry":{"type":"LineString","coordinates":[[-72.1022423,4.3149502],[-72.1031267,4.3137993],[-72.1033172,4.3135513],[-72.1039342,4.3127482],[-72.1042187,4.312378],[-72.1043663,4.3121859],[-72.1044847,4.3120319],[-72.1046054,4.3118747],[-72.1047511,4.3116851],[-72.1048627,4.31154],[-72.1049934,4.3113698],[-72.105028,4.3113248],[-72.1052643,4.3110173],[-72.1055075,4.3107007],[-72.1057569,4.3103762],[-72.1063655,4.3095841],[-72.1068315,4.3089777],[-72.1074796,4.3081342],[-72.1078754,4.3076191],[-72.108322,4.3070378],[-72.1090683,4.3060666],[-72.1096689,4.305285],[-72.1102365,4.3045463],[-72.1108213,4.3037852]]}},{"type":"Feature","properties":{"id":700231997,"kind":"road","name":"Barrio San Pablo","highway":"residential"},"geometry":{"type":"LineString","coordinates":[[-72.1102365,4.3045463],[-72.1106293,4.30479],[-72.110988,4.3050122]]}},{"type":"Feature","properties":{"id":700231998,"kind":"road","name":"Calle 20","highway":"residential"},"geometry":{"type":"LineString","coordinates":[[-72.0878717,4.3136592],[-72.0871473,4.314767],[-72.0868052,4.3153412],[-72.0867675,4.3153913],[-72.0867472,4.3154184],[-72.086216,4.3162015],[-72.0861737,4.3162838],[-72.0858748,4.3167217],[-72.0854655,4.3173643],[-72.0851964,4.3177991],[-72.0849961,4.3180916],[-72.0845777,4.3187414],[-72.0842435,4.3192229],[-72.0842312,4.3192513],[-72.0842277,4.3192821]]}},{"type":"Feature","properties":{"id":700231999,"kind":"road","name":"Carrera 9ª B","highway":"residential"},"geometry":{"type":"LineString","coordinates":[[-72.0871473,4.314767],[-72.0881988,4.3149939],[-72.0888994,4.3151398],[-72.0891534,4.315188]]}},{"type":"Feature","properties":{"id":700232000,"kind":"road","name":"Carrera 9A","highway":"residential"},"geometry":{"type":"LineString","coordinates":[[-72.0883666,4.3164139],[-72.0876179,4.3159153],[-72.0868676,4.3154127],[-72.0868067,4.3154186],[-72.0868262,4.3154747]]}},{"type":"Feature","properties":{"id":700232001,"kind":"road","name":"Calle 26","highway":"residential"},"geometry":{"type":"LineString","coordinates":[[-72.0898539,4.3140965],[-72.0891534,4.315188],[-72.0883666,4.3164139],[-72.0883198,4.3164868],[-72.0874834,4.3177899],[-72.0868726,4.3187416],[-72.0867978,4.3188583],[-72.0865979,4.3191696],[-72.086209,4.3197756],[-72.0857793,4.3204451]]}},{"type":"Feature","properties":{"id":700232002,"kind":"road","name":"Carrera 4","highway":"residential"},"geometry":{"type":"LineString","coordinates":[[-72.0845777,4.3187414],[-72.0853952,4.3192597],[-72.086209,4.3197756]]}},{"type":"Feature","properties":{"id":700232003,"kind":"road","name":"Carrera 5","highway":"residential"},"geometry":{"type":"LineString","coordinates":[[-72.0849961,4.3180916],[-72.0857982,4.3186315],[-72.0865979,4.3191696]]}},{"type":"Feature","properties":{"id":700232005,"kind":"road","name":"Carrera 7","highway":"residential"},"geometry":{"type":"LineString","coordinates":[[-72.0858748,4.3167217],[-72.0866735,4.3172671],[-72.0874834,4.3177899]]}},{"type":"Feature","properties":{"id":702036733,"kind":"road","name":null,"highway":"unclassified"},"geometry":{"type":"LineString","coordinates":[[-72.1308633,4.2842115],[-72.1290529,4.2859546],[-72.1270903,4.2878194],[-72.1237402,4.2910639],[-72.1233398,4.2914885],[-72.1229676,4.291978],[-72.1229475,4.2919954],[-72.1229193,4.2920121],[-72.1227811,4.2920821],[-72.1227282,4.2921244],[-72.1226283,4.2922374],[-72.1225163,4.292422],[-72.1224191,4.2926233],[-72.122397,4.2927015],[-72.1223782,4.292771],[-72.1223514,4.2928352],[-72.1223299,4.292878],[-72.1223058,4.2929168],[-72.1222763,4.2929462],[-72.1220845,4.2930679],[-72.1216567,4.2933274],[-72.1216104,4.2933662],[-72.1215682,4.2934049],[-72.1211538,4.293857],[-72.1205342,4.2944648],[-72.1204551,4.2945724],[-72.1204095,4.2946206],[-72.1203689,4.294658],[-72.1203203,4.2946955],[-72.1202512,4.2947322],[-72.1201466,4.294772],[-72.1198046,4.2949763],[-72.1192628,4.2953909],[-72.118721,4.295982],[-72.1180438,4.296668],[-72.1178386,4.2968807],[-72.1176548,4.2970626],[-72.1176012,4.2971481],[-72.1172927,4.2978516],[-72.1172163,4.2980188],[-72.1171264,4.2981431],[-72.1168354,4.2984775],[-72.1164612,4.2987998],[-72.1158028,4.2992651],[-72.115666,4.2993721],[-72.1155909,4.2994176],[-72.1155158,4.2994403],[-72.1154058,4.2994684],[-72.1152891,4.2994845],[-72.1151751,4.2995059],[-72.1151203,4.2995322],[-72.1131662,4.3014811],[-72.111146,4.3034951],[-72.1108213,4.3037852]]}},{"type":"Feature","properties":{"id":732643038,"kind":"road","name":"Carrera 9A","highway":"residential"},"geometry":{"type":"LineString","coordinates":[[-72.0868262,4.3154747],[-72.0870368,4.3156272],[-72.0875678,4.3159915],[-72.0883198,4.3164868]]}},{"type":"Feature","properties":{"id":732643039,"kind":"road","name":"Calle 21","highway":"residential"},"geometry":{"type":"LineString","coordinates":[[-72.0881988,4.3149939],[-72.0876179,4.3159153],[-72.0875678,4.3159915]]}},{"type":"Feature","properties":{"id":736383816,"kind":"road","name":"Carrera 11","highway":"residential"},"geometry":{"type":"LineString","coordinates":[[-72.0809542,4.3124367],[-72.0806888,4.3124494],[-72.0806299,4.3124441],[-72.0805753,4.3124211],[-72.0805306,4.3123825],[-72.0805,4.3123319],[-72.0804263,4.3121661],[-72.0804029,4.3121296],[-72.080368,4.3121018]]}},{"type":"Feature","properties":{"id":736383817,"kind":"road","name":"Calle 10","highway":"residential"},"geometry":{"type":"LineString","coordinates":[[-72.0803737,4.3114488],[-72.08005,4.3106571],[-72.07996,4.3104223]]}},{"type":"Feature","properties":{"id":736384650,"kind":"road","name":"Carrera 7","highway":"residential"},"geometry":{"type":"LineString","coordinates":[[-72.0851359,4.3162253],[-72.0852344,4.3162822]]}},{"type":"Feature","properties":{"id":736384946,"kind":"road","name":"Carrera 5A","highway":"residential"},"geometry":{"type":"LineString","coordinates":[[-72.0867978,4.3188583],[-72.0859938,4.3183265],[-72.0851964,4.3177991],[-72.0848577,4.3175751],[-72.0844914,4.3173329]]}},{"type":"Feature","properties":{"id":736384947,"kind":"road","name":"Carrera 4","highway":"residential"},"geometry":{"type":"LineString","coordinates":[[-72.0845777,4.3187414],[-72.0842286,4.3184937],[-72.0838695,4.3182335],[-72.0837756,4.3181655]]}},{"type":"Feature","properties":{"id":736385248,"kind":"road","name":null,"highway":"residential"},"geometry":{"type":"LineString","coordinates":[[-72.0937828,4.3149375],[-72.0928032,4.3160617],[-72.0921786,4.3167785],[-72.0921111,4.316856],[-72.0917184,4.3173066],[-72.0912972,4.31779],[-72.0912389,4.3178569],[-72.0908277,4.3183289],[-72.0902839,4.318953]]}},{"type":"Feature","properties":{"id":736385249,"kind":"road","name":null,"highway":"residential"},"geometry":{"type":"LineString","coordinates":[[-72.0912389,4.3178569],[-72.0917404,4.3183108],[-72.0918573,4.3184166],[-72.0923719,4.3188823],[-72.0936411,4.3199956],[-72.094481,4.3207319],[-72.0956638,4.3217642]]}},{"type":"Feature","properties":{"id":736385250,"kind":"road","name":null,"highway":"residential"},"geometry":{"type":"LineString","coordinates":[[-72.0957884,4.3217003],[-72.0945618,4.3206604],[-72.0937202,4.3199281],[-72.0924459,4.3187967],[-72.0919229,4.3183383],[-72.0918044,4.3182345],[-72.0912972,4.31779]]}},{"type":"Feature","properties":{"id":736385251,"kind":"road","name":null,"highway":"residential"},"geometry":{"type":"LineString","coordinates":[[-72.093524,4.3215783],[-72.0935906,4.3215194],[-72.094481,4.3207319],[-72.0945618,4.3206604]]}},{"type":"Feature","properties":{"id":736385252,"kind":"road","name":null,"highway":"residential"},"geometry":{"type":"LineString","coordinates":[[-72.0926191,4.3208678],[-72.0926827,4.3208135],[-72.0936411,4.3199956],[-72.0937202,4.3199281]]}},{"type":"Feature","properties":{"id":736385253,"kind":"road","name":null,"highway":"residential"},"geometry":{"type":"LineString","coordinates":[[-72.0946014,4.3223089],[-72.0935906,4.3215194],[-72.0926827,4.3208135],[-72.0914982,4.3198919],[-72.0909585,4.3194746],[-72.0907893,4.3193438],[-72.0902839,4.318953]]}},{"type":"Feature","properties":{"id":736385254,"kind":"road","name":null,"highway":"residential"},"geometry":{"type":"LineString","coordinates":[[-72.0970651,4.3210459],[-72.096988,4.3210854],[-72.0957884,4.3217003],[-72.0956638,4.3217642],[-72.0946014,4.3223089],[-72.0945008,4.3223604]]}},{"type":"Feature","properties":{"id":736385255,"kind":"road","name":null,"highway":"residential"},"geometry":{"type":"LineString","coordinates":[[-72.0921111,4.316856],[-72.0926348,4.3172979],[-72.0927488,4.3173941],[-72.0932753,4.3178384],[-72.096988,4.3210854]]}},{"type":"Feature","properties":{"id":736385256,"kind":"road","name":null,"highway":"residential"},"geometry":{"type":"LineString","coordinates":[[-72.0970651,4.3210459],[-72.0960084,4.3201179],[-72.0933255,4.3177804],[-72.0930734,4.3175602],[-72.0928083,4.3173285],[-72.0921786,4.3167785]]}},{"type":"Feature","properties":{"id":736385257,"kind":"road","name":null,"highway":"residential"},"geometry":{"type":"LineString","coordinates":[[-72.0902839,4.318953],[-72.090251,4.3189974],[-72.0902617,4.319059],[-72.0914484,4.3199495],[-72.0926191,4.3208678],[-72.093524,4.3215783],[-72.0945008,4.3223604]]}},{"type":"Feature","properties":{"id":736385258,"kind":"road","name":null,"highway":"residential"},"geometry":{"type":"LineString","coordinates":[[-72.0956702,4.315071],[-72.095564,4.3151937],[-72.0939938,4.3170082],[-72.0939697,4.317036],[-72.0933255,4.3177804],[-72.0932753,4.3178384],[-72.0928689,4.318308],[-72.0924459,4.3187967],[-72.0923719,4.3188823],[-72.0919488,4.3193713],[-72.0914982,4.3198919],[-72.0914484,4.3199495]]}},{"type":"Feature","properties":{"id":736596886,"kind":"road","name":"Carrera 1","highway":"residential"},"geometry":{"type":"LineString","coordinates":[[-72.0808749,4.3225667],[-72.0809364,4.3226061],[-72.0813846,4.3229101],[-72.0814947,4.3229805],[-72.0816176,4.3230712],[-72.0821162,4.3234215],[-72.0822313,4.3234966],[-72.0823941,4.323594],[-72.082614,4.3237254],[-72.0827884,4.3238516],[-72.082904,4.3239355],[-72.083092,4.3240582],[-72.0837179,4.3244665],[-72.0838261,4.3245372],[-72.0839492,4.3246175]]}},{"type":"Feature","properties":{"id":736596887,"kind":"road","name":"Calle 18","highway":"secondary"},"geometry":{"type":"LineString","coordinates":[[-72.0808749,4.3225667],[-72.0814946,4.3216868],[-72.0824136,4.3203517]]}},{"type":"Feature","properties":{"id":736604734,"kind":"road","name":"Carrera 1C","highway":"residential"},"geometry":{"type":"LineString","coordinates":[[-72.0836182,4.3232806],[-72.0842579,4.3237234],[-72.0844878,4.3238878]]}},{"type":"Feature","properties":{"id":736604735,"kind":"road","name":null,"highway":"residential"},"geometry":{"type":"LineString","coordinates":[[-72.0839492,4.3246175],[-72.0842616,4.3248254],[-72.0843378,4.3248762]]}},{"type":"Feature","properties":{"id":736604736,"kind":"road","name":"Calle 17A","highway":"residential"},"geometry":{"type":"LineString","coordinates":[[-72.0802031,4.3221732],[-72.0802447,4.3220997],[-72.0803183,4.3219718],[-72.080464,4.3217129],[-72.0805933,4.3214585],[-72.0807673,4.3211772],[-72.0809963,4.3208328],[-72.08123,4.3205096],[-72.0814464,4.320185],[-72.0816886,4.3198359],[-72.0817199,4.3197956],[-72.0817338,4.3197822],[-72.0817492,4.3197762]]}},{"type":"Feature","properties":{"id":736605432,"kind":"road","name":"Calle 15","highway":"residential"},"geometry":{"type":"LineString","coordinates":[[-72.0823903,4.3160818],[-72.081916,4.3166149],[-72.0815597,4.3170638]]}},{"type":"Feature","properties":{"id":736608360,"kind":"road","name":"Carrera 21","highway":"residential"},"geometry":{"type":"LineString","coordinates":[[-72.0821404,4.306978],[-72.0822537,4.3069775],[-72.0823678,4.3069956],[-72.0829825,4.3071342]]}},{"type":"Feature","properties":{"id":736608361,"kind":"road","name":"Calle 13","highway":"residential"},"geometry":{"type":"LineString","coordinates":[[-72.0825457,4.3066652],[-72.0824817,4.3066823],[-72.0824415,4.3067123],[-72.0824154,4.306753],[-72.0824039,4.3067983],[-72.0823678,4.3069956]]}},{"type":"Feature","properties":{"id":736608362,"kind":"road","name":"Calle 13D","highway":"residential"},"geometry":{"type":"LineString","coordinates":[[-72.0837188,4.3125463],[-72.0840109,4.3116001],[-72.084317,4.3105861],[-72.0845604,4.3098242],[-72.0846658,4.3093916],[-72.0846997,4.3091321],[-72.0847233,4.3088389],[-72.0847344,4.3086625],[-72.084722,4.3085131]]}},{"type":"Feature","properties":{"id":736611269,"kind":"road","name":"Carrera 2","highway":"residential"},"geometry":{"type":"LineString","coordinates":[[-72.0823803,4.3218092],[-72.0835601,4.3226524],[-72.0845428,4.3233314],[-72.0847767,4.3234959]]}},{"type":"Feature","properties":{"id":736611270,"kind":"road","name":null,"highway":"service"},"geometry":{"type":"LineString","coordinates":[[-72.0830677,4.3182732],[-72.0819818,4.3199219]]}},{"type":"Feature","properties":{"id":736611273,"kind":"road","name":"Carrera 9A","highway":"residential"},"geometry":{"type":"LineString","coordinates":[[-72.0883198,4.3164868],[-72.0890182,4.3169057],[-72.0893267,4.3170528],[-72.0896379,4.3171781],[-72.0902426,4.3173638],[-72.0905508,4.3174749],[-72.0907854,4.3175942],[-72.0910057,4.3177241],[-72.0912389,4.3178569]]}},{"type":"Feature","properties":{"id":736611274,"kind":"road","name":"Carrera 9A","highway":"residential"},"geometry":{"type":"LineString","coordinates":[[-72.0912972,4.31779],[-72.0910567,4.3176359],[-72.0908467,4.3175164],[-72.0905953,4.3173924],[-72.0903123,4.3172874],[-72.08967,4.3171009],[-72.0893616,4.3169832],[-72.0890613,4.316842],[-72.0883666,4.3164139]]}},{"type":"Feature","properties":{"id":736613351,"kind":"road","name":null,"highway":"residential"},"geometry":{"type":"LineString","coordinates":[[-72.078843,4.3294433],[-72.0791844,4.3304504]]}},{"type":"Feature","properties":{"id":736613352,"kind":"road","name":null,"highway":"residential"},"geometry":{"type":"LineString","coordinates":[[-72.0795423,4.3301933],[-72.0793113,4.3294428],[-72.0792617,4.3293238]]}},{"type":"Feature","properties":{"id":736613353,"kind":"road","name":"Calle 24","highway":"residential"},"geometry":{"type":"LineString","coordinates":[[-72.079496,4.3291461],[-72.0793877,4.3292763],[-72.0792617,4.3293238],[-72.078843,4.3294433],[-72.0786743,4.3294915],[-72.0784826,4.3295462],[-72.0774642,4.3298369]]}},{"type":"Feature","properties":{"id":736613357,"kind":"road","name":null,"highway":"residential"},"geometry":{"type":"LineString","coordinates":[[-72.0826087,4.3295726],[-72.0817199,4.3289495],[-72.0814352,4.3287499],[-72.0811634,4.3285594],[-72.0808464,4.3283372]]}},{"type":"Feature","properties":{"id":736613358,"kind":"road","name":null,"highway":"residential"},"geometry":{"type":"LineString","coordinates":[[-72.0837179,4.3244665],[-72.0837189,4.3245216],[-72.0837282,4.324573],[-72.0838151,4.3248123],[-72.0839286,4.325012],[-72.0839811,4.3251263],[-72.0841748,4.3255369]]}},{"type":"Feature","properties":{"id":736613359,"kind":"road","name":null,"highway":"residential"},"geometry":{"type":"LineString","coordinates":[[-72.0838261,4.3245372],[-72.0840175,4.3249709],[-72.0841511,4.3253003],[-72.0842189,4.3254511],[-72.084292,4.3256067],[-72.0844212,4.325882],[-72.0845717,4.3262023],[-72.0846932,4.3264325],[-72.0845526,4.3266351]]}},{"type":"Feature","properties":{"id":736613360,"kind":"road","name":null,"highway":"residential"},"geometry":{"type":"LineString","coordinates":[[-72.0819177,4.3286702],[-72.0826206,4.3291285],[-72.0829648,4.3293529]]}},{"type":"Feature","properties":{"id":736613361,"kind":"road","name":null,"highway":"residential"},"geometry":{"type":"LineString","coordinates":[[-72.082135,4.3283641],[-72.0831923,4.3290781]]}},{"type":"Feature","properties":{"id":736613362,"kind":"road","name":null,"highway":"residential"},"geometry":{"type":"LineString","coordinates":[[-72.0820625,4.3278588],[-72.0814352,4.3287499],[-72.0808227,4.3296456]]}},{"type":"Feature","properties":{"id":736613363,"kind":"road","name":null,"highway":"residential"},"geometry":{"type":"LineString","coordinates":[[-72.0809419,4.327068],[-72.0814743,4.3274437],[-72.0817727,4.3276543],[-72.0819324,4.327767],[-72.0820625,4.3278588],[-72.0823496,4.3280614],[-72.0834476,4.3288362]]}},{"type":"Feature","properties":{"id":736613364,"kind":"road","name":null,"highway":"residential"},"geometry":{"type":"LineString","coordinates":[[-72.0832458,4.3267976],[-72.0841554,4.3274275]]}},{"type":"Feature","properties":{"id":736613365,"kind":"road","name":null,"highway":"residential"},"geometry":{"type":"LineString","coordinates":[[-72.0839811,4.3251263],[-72.0833756,4.3259926],[-72.0827557,4.3268792]]}},{"type":"Feature","properties":{"id":736613366,"kind":"road","name":null,"highway":"residential"},"geometry":{"type":"LineString","coordinates":[[-72.0845664,4.3268179],[-72.0843417,4.3271025]]}},{"type":"Feature","properties":{"id":736613367,"kind":"road","name":"Carrera 1","highway":"residential"},"geometry":{"type":"LineString","coordinates":[[-72.082614,4.3237254],[-72.0825326,4.3238397],[-72.0824269,4.3239883],[-72.0817849,4.3248905],[-72.0809423,4.3260745],[-72.0808713,4.3261743],[-72.0807003,4.3264146],[-72.0800484,4.3273306],[-72.0798994,4.32754],[-72.0794324,4.3281962]]}},{"type":"Feature","properties":{"id":736613368,"kind":"road","name":null,"highway":"residential"},"geometry":{"type":"LineString","coordinates":[[-72.0816236,4.3260882],[-72.0821622,4.3264645],[-72.0824631,4.3266748],[-72.0827557,4.3268792],[-72.0830447,4.3270811],[-72.0840802,4.3278046]]}},{"type":"Feature","properties":{"id":736613369,"kind":"road","name":"Carrera 1","highway":"residential"},"geometry":{"type":"LineString","coordinates":[[-72.0842189,4.3254511],[-72.0841748,4.3255369],[-72.0841333,4.3255903],[-72.08402,4.325732],[-72.0838858,4.3259102],[-72.0836712,4.3261975],[-72.0834671,4.3264854],[-72.0832458,4.3267976],[-72.0830447,4.3270811],[-72.0828325,4.3273803],[-72.0827665,4.3274739],[-72.0825731,4.3277465],[-72.0823496,4.3280614],[-72.082135,4.3283641],[-72.0819177,4.3286702],[-72.0817199,4.3289495],[-72.0814628,4.3293565],[-72.0812331,4.3297222],[-72.0811969,4.329761],[-72.0811231,4.3298011],[-72.0810816,4.3298359]]}},{"type":"Feature","properties":{"id":736613370,"kind":"road","name":"Calle 25","highway":"residential"},"geometry":{"type":"LineString","coordinates":[[-72.0836796,4.3249727],[-72.0830958,4.3257987],[-72.0824631,4.3266748]]}},{"type":"Feature","properties":{"id":736613821,"kind":"road","name":null,"highway":"service"},"geometry":{"type":"LineString","coordinates":[[-72.0822348,4.3175961],[-72.0819083,4.3181294],[-72.0818459,4.3182064],[-72.0817666,4.318266],[-72.0816752,4.3183046],[-72.0797652,4.3191059],[-72.0796138,4.3191889],[-72.079523,4.3192435],[-72.0794321,4.3192603],[-72.0793407,4.3192456],[-72.0792597,4.3192012],[-72.0789595,4.3189019]]}},{"type":"Feature","properties":{"id":736614519,"kind":"road","name":null,"highway":"track"},"geometry":{"type":"LineString","coordinates":[[-72.0179416,4.3234012],[-72.0253108,4.3269599],[-72.0273788,4.3279586]]}},{"type":"Feature","properties":{"id":749012848,"kind":"road","name":null,"highway":"track"},"geometry":{"type":"LineString","coordinates":[[-72.0256454,4.3187492],[-72.0301403,4.320875],[-72.0301818,4.3210268],[-72.0273788,4.3279586],[-72.0269305,4.3291338],[-72.0260453,4.3308616],[-72.024774,4.3333115],[-72.024619,4.3334303],[-72.0245075,4.3333505],[-72.0209369,4.3306042],[-72.0207155,4.3303282],[-72.0253108,4.3269599]]}},{"type":"Feature","properties":{"id":757680670,"kind":"landuse","name":null,"highway":null},"geometry":{"type":"Polygon","coordinates":[[[-72.099849,4.3128456],[-72.0998114,4.31498],[-72.0998139,4.3150532],[-72.0998121,4.315103],[-72.100533,4.3151244],[-72.1005678,4.315884],[-72.0988888,4.3174887],[-72.0988566,4.3189919],[-72.0970434,4.3209069],[-72.095477,4.3195696],[-72.0977944,4.3168896],[-72.0940876,4.3169966],[-72.0933902,4.3164724],[-72.0928216,4.3172106],[-72.0924622,4.3168629],[-72.0931917,4.3160284],[-72.0920625,4.3152314],[-72.0919526,4.3151538],[-72.0915315,4.3156459],[-72.0899034,4.3152635],[-72.0904639,4.3142632],[-72.0940232,4.3150548],[-72.0942003,4.3150789],[-72.0969549,4.3151297],[-72.0982289,4.315119],[-72.0984489,4.3119095],[-72.099849,4.3128456]]]}},{"type":"Feature","properties":{"id":757682632,"kind":"water","name":null,"highway":null},"geometry":{"type":"Polygon","coordinates":[[[-72.0652807,4.3386017],[-72.0651734,4.3387943],[-72.0647442,4.338912],[-72.0640254,4.3389869],[-72.0638001,4.3390296],[-72.0635855,4.3391152],[-72.0628774,4.3393292],[-72.0624161,4.3395325],[-72.0616543,4.3397892],[-72.061193,4.3399069],[-72.0607638,4.340046],[-72.0602703,4.3402385],[-72.0598412,4.3404525],[-72.0596588,4.3405916],[-72.0595193,4.3407627],[-72.0591867,4.3410944],[-72.0590258,4.3412762],[-72.0589078,4.3414795],[-72.0588756,4.3416935],[-72.0588756,4.3426563],[-72.0586395,4.3431056],[-72.058425,4.3430735],[-72.0582426,4.3429237],[-72.0581031,4.3427526],[-72.0578563,4.3421321],[-72.0577383,4.3416721],[-72.0577061,4.341212],[-72.0577061,4.3409874],[-72.0577383,4.3407627],[-72.05791,4.3402706],[-72.058028,4.3400139],[-72.0581567,4.3397785],[-72.0585859,4.3391901],[-72.059176,4.3387729],[-72.0594335,4.3386231],[-72.0598519,4.3384199],[-72.0606458,4.3381845],[-72.0612037,4.3380454],[-72.0617402,4.3379705],[-72.0630276,4.3378529],[-72.0637679,4.3377138],[-72.0639932,4.3376924],[-72.0644438,4.3375961],[-72.0653665,4.3374677],[-72.0656026,4.3374249],[-72.0658064,4.33735],[-72.0660317,4.3372645],[-72.0662141,4.3371468],[-72.0664072,4.3372645],[-72.066375,4.3374998],[-72.0662785,4.3377031],[-72.0660853,4.3378208],[-72.0654416,4.338024],[-72.0653772,4.3382273],[-72.0655596,4.3383771],[-72.0657849,4.3383985],[-72.0657635,4.3386124],[-72.0655596,4.3387087],[-72.0652807,4.3386017]]]}},{"type":"Feature","properties":{"id":757682633,"kind":"water","name":null,"highway":null},"geometry":{"type":"Polygon","coordinates":[[[-72.0516873,4.3269728],[-72.0519769,4.3263523],[-72.0521271,4.3254109],[-72.052331,4.3253146],[-72.0527709,4.3253467],[-72.052964,4.3254857],[-72.0530176,4.3257104],[-72.0532107,4.3276682],[-72.0533502,4.3274863],[-72.0535433,4.3254857],[-72.0536506,4.3252825],[-72.0538867,4.325336],[-72.0540047,4.3255285],[-72.0540047,4.3259672],[-72.0532322,4.328278],[-72.0537043,4.3301395],[-72.0540905,4.3309953],[-72.0544553,4.3315623],[-72.0549917,4.3322042],[-72.0566976,4.3337769],[-72.0565045,4.3338838],[-72.0555818,4.3338518],[-72.0542514,4.3323112],[-72.0534253,4.3314982],[-72.0532322,4.3310809],[-72.0532215,4.3304069],[-72.0525134,4.3298613],[-72.0523846,4.3291873],[-72.0519769,4.3281817],[-72.0516873,4.3269728]]]}},{"type":"Feature","properties":{"id":757682634,"kind":"water","name":null,"highway":null},"geometry":{"type":"Polygon","coordinates":[[[-72.0523417,4.3233247],[-72.0523417,4.3231],[-72.0524705,4.3229075],[-72.0526528,4.3227684],[-72.052846,4.3226721],[-72.0537365,4.3224367],[-72.0539725,4.3224046],[-72.0542085,4.3224046],[-72.0546591,4.3225437],[-72.0548523,4.3226935],[-72.0549917,4.3228861],[-72.0552063,4.3232819],[-72.0553458,4.3234745],[-72.0554531,4.3236777],[-72.0555496,4.3239024],[-72.055614,4.3241271],[-72.0556676,4.3243624],[-72.055732,4.3248332],[-72.055732,4.3261918],[-72.0557642,4.3268658],[-72.0557642,4.3277752],[-72.05585,4.3284492],[-72.055893,4.3292408],[-72.0559788,4.3294762],[-72.0561719,4.3301716],[-72.0564509,4.330867],[-72.0567513,4.3314982],[-72.0570195,4.3319475],[-72.0571375,4.3321828],[-72.0571804,4.332354],[-72.0576418,4.3328889],[-72.0577276,4.3331029],[-72.057749,4.3333168],[-72.0576632,4.3335201],[-72.0574379,4.3335736],[-72.0572019,4.3335415],[-72.0568264,4.3333061],[-72.0562899,4.3328889],[-72.0559788,4.3325573],[-72.0554531,4.3318084],[-72.0553243,4.3316158],[-72.0547664,4.3306423],[-72.0546591,4.3304176],[-72.0544982,4.3299897],[-72.0543802,4.329519],[-72.0542407,4.3290804],[-72.0543051,4.3285241],[-72.0543051,4.328064],[-72.0542944,4.3278287],[-72.0541549,4.3268765],[-72.0541442,4.3249187],[-72.0540583,4.3244801],[-72.0538974,4.3240843],[-72.0537579,4.3239238],[-72.0535863,4.3237847],[-72.0534039,4.323667],[-72.0529854,4.3234959],[-72.052567,4.3234745],[-72.0523846,4.3233782],[-72.0522452,4.3233568],[-72.0523417,4.3233247]]]}},{"type":"Feature","properties":{"id":757682635,"kind":"water","name":null,"highway":null},"geometry":{"type":"Polygon","coordinates":[[[-72.0555282,4.3227042],[-72.0559895,4.3228968],[-72.0563972,4.3231535],[-72.0565903,4.3232498],[-72.0568371,4.3232926],[-72.0570624,4.3232819],[-72.0572233,4.3231321],[-72.0574164,4.3227363],[-72.0576096,4.3220302],[-72.0578349,4.3213669],[-72.0579636,4.3209069],[-72.0581031,4.320051],[-72.0583391,4.3191523],[-72.0584786,4.3186923],[-72.0585752,4.3184569],[-72.0587576,4.3177616],[-72.0587897,4.3175476],[-72.0588434,4.3168843],[-72.0588327,4.3164029],[-72.0587039,4.3159642],[-72.058425,4.3156326],[-72.0582318,4.3154614],[-72.0580387,4.3153651],[-72.0572877,4.314873],[-72.0567083,4.3145734],[-72.0565045,4.314552],[-72.0560539,4.3145734],[-72.0558286,4.3146697],[-72.0556569,4.3148302],[-72.055378,4.3151939],[-72.0549703,4.3157823],[-72.0546591,4.316114],[-72.0544231,4.3165098],[-72.0544338,4.3170234],[-72.0545411,4.3175048],[-72.0545948,4.3179755],[-72.0547986,4.3186388],[-72.0548523,4.3190988],[-72.0548093,4.319591],[-72.0544553,4.3209497],[-72.0544446,4.3214204],[-72.054627,4.3218162],[-72.0548952,4.3222121],[-72.0550561,4.3223939],[-72.0553029,4.3223404],[-72.0554209,4.3221372],[-72.0555067,4.3219339],[-72.0557642,4.3201152],[-72.0557642,4.3187458],[-72.0555925,4.3176332],[-72.0554531,4.3171838],[-72.0554531,4.3169592],[-72.0555604,4.3167666],[-72.055732,4.3166168],[-72.0559466,4.316574],[-72.0561826,4.3166382],[-72.0563758,4.316788],[-72.0564938,4.3169806],[-72.0565796,4.3172373],[-72.0566225,4.317462],[-72.0567083,4.3184142],[-72.0566654,4.3188742],[-72.0566118,4.3190881],[-72.0564294,4.3195054],[-72.056365,4.3197194],[-72.0555282,4.3227042]]]}},{"type":"Feature","properties":{"id":757682640,"kind":"road","name":null,"highway":"service"},"geometry":{"type":"LineString","coordinates":[[-72.0796187,4.3155108],[-72.0796841,4.3156686],[-72.0796949,4.3157582],[-72.0796788,4.3158612],[-72.0796479,4.3159414],[-72.0795889,4.316011],[-72.0795205,4.3160524],[-72.0794347,4.3160805],[-72.0793395,4.3160832],[-72.0792134,4.3160471],[-72.0791182,4.3159789],[-72.0790256,4.3158304],[-72.0790189,4.3157622],[-72.0790203,4.3156151],[-72.0790927,4.3154854],[-72.0791584,4.3153356],[-72.0791113,4.3150936],[-72.0790905,4.314987],[-72.0789237,4.3145934],[-72.0786903,4.3142672]]}},{"type":"Feature","properties":{"id":757682641,"kind":"road","name":null,"highway":"service"},"geometry":{"type":"LineString","coordinates":[[-72.0825736,4.3178704],[-72.0825487,4.3178993],[-72.0824777,4.3179782],[-72.0824803,4.3182831],[-72.0822255,4.3182911]]}},{"type":"Feature","properties":{"id":814989733,"kind":"road","name":null,"highway":"residential"},"geometry":{"type":"LineString","coordinates":[[-72.1047226,4.3095665],[-72.1049192,4.3097206],[-72.1051899,4.3099329],[-72.1053818,4.3100834],[-72.1054701,4.3101526],[-72.1057569,4.3103762]]}},{"type":"Feature","properties":{"id":814989734,"kind":"road","name":null,"highway":"residential"},"geometry":{"type":"LineString","coordinates":[[-72.1048627,4.31154],[-72.1043739,4.3112676],[-72.1042545,4.3111954],[-72.1034995,4.3107541]]}},{"type":"Feature","properties":{"id":814989735,"kind":"road","name":null,"highway":"residential"},"geometry":{"type":"LineString","coordinates":[[-72.1035545,4.3120539],[-72.1036984,4.3117927],[-72.1039013,4.3114565]]}},{"type":"Feature","properties":{"id":814989736,"kind":"road","name":null,"highway":"residential"},"geometry":{"type":"LineString","coordinates":[[-72.1043663,4.3121859],[-72.1040251,4.3119858],[-72.1036984,4.3117927],[-72.103375,4.3116019],[-72.1030502,4.3114094]]}},{"type":"Feature","properties":{"id":814989737,"kind":"road","name":null,"highway":"residential"},"geometry":{"type":"LineString","coordinates":[[-72.1046054,4.3118747],[-72.1039013,4.3114565],[-72.1032419,4.311071],[-72.1030502,4.3114094],[-72.102892,4.3116862]]}},{"type":"Feature","properties":{"id":814989738,"kind":"road","name":null,"highway":"residential"},"geometry":{"type":"LineString","coordinates":[[-72.107649,4.311497],[-72.1076039,4.3115598],[-72.1073966,4.3118263]]}},{"type":"Feature","properties":{"id":814989740,"kind":"road","name":null,"highway":"residential"},"geometry":{"type":"LineString","coordinates":[[-72.1126055,4.3055821],[-72.1124214,4.3058187],[-72.1122706,4.3060125],[-72.1122135,4.3060859],[-72.1118084,4.3066075],[-72.1112297,4.3073503],[-72.1104774,4.3083158],[-72.1100134,4.3089121],[-72.1096198,4.3094196]]}},{"type":"Feature","properties":{"id":814989741,"kind":"road","name":null,"highway":"residential"},"geometry":{"type":"LineString","coordinates":[[-72.1123488,4.3051932],[-72.1123488,4.3052022],[-72.1123425,4.3052126],[-72.1122857,4.3052849],[-72.1121128,4.3055181],[-72.1120128,4.3056469]]}},{"type":"Feature","properties":{"id":814995302,"kind":"road","name":null,"highway":"residential"},"geometry":{"type":"LineString","coordinates":[[-72.1065638,4.3113226],[-72.1063361,4.3116497],[-72.1060688,4.3119988]]}},{"type":"Feature","properties":{"id":814995303,"kind":"road","name":null,"highway":"residential"},"geometry":{"type":"LineString","coordinates":[[-72.104267,4.3130137],[-72.104229,4.312982],[-72.1039342,4.3127482]]}},{"type":"Feature","properties":{"id":814995304,"kind":"road","name":null,"highway":"residential"},"geometry":{"type":"LineString","coordinates":[[-72.1048071,4.3141254],[-72.1043164,4.3137579],[-72.1039147,4.3134645]]}},{"type":"Feature","properties":{"id":814997086,"kind":"road","name":null,"highway":"residential"},"geometry":{"type":"LineString","coordinates":[[-72.088142,4.3103762],[-72.0882757,4.3103302],[-72.0884163,4.3103147],[-72.0885569,4.3103305],[-72.0886905,4.3103768]]}},{"type":"Feature","properties":{"id":814997087,"kind":"road","name":null,"highway":"residential"},"geometry":{"type":"LineString","coordinates":[[-72.0868583,4.3095953],[-72.0870991,4.30962],[-72.0873258,4.309596],[-72.0877656,4.30962],[-72.0879574,4.3096227],[-72.0886749,4.3095959]]}},{"type":"Feature","properties":{"id":814997088,"kind":"road","name":null,"highway":"residential"},"geometry":{"type":"LineString","coordinates":[[-72.086969,4.3092322],[-72.086336,4.3091439]]}},{"type":"Feature","properties":{"id":814997089,"kind":"road","name":null,"highway":"residential"},"geometry":{"type":"LineString","coordinates":[[-72.0867085,4.3100864],[-72.0868583,4.3095953],[-72.086969,4.3092322]]}},{"type":"Feature","properties":{"id":815007915,"kind":"road","name":null,"highway":"residential"},"geometry":{"type":"LineString","coordinates":[[-72.0802145,4.3044767],[-72.0796519,4.3052297],[-72.0793837,4.3055359],[-72.0793074,4.3056241],[-72.0792851,4.3056569],[-72.0792785,4.3056957],[-72.0792925,4.3057271],[-72.0793086,4.3057458],[-72.0796087,4.3059941]]}},{"type":"Feature","properties":{"id":815007916,"kind":"road","name":null,"highway":"residential"},"geometry":{"type":"LineString","coordinates":[[-72.0822792,4.3023677],[-72.0817226,4.303249],[-72.0814236,4.3036703],[-72.0811272,4.3040782],[-72.0807799,4.3045195],[-72.080573,4.3047829],[-72.0804942,4.3048793],[-72.0800208,4.3055024],[-72.0797565,4.305822],[-72.0796087,4.3059941],[-72.0793918,4.3062794],[-72.079196,4.3065362],[-72.0785703,4.3073393],[-72.0785523,4.30736],[-72.0785358,4.3073844]]}},{"type":"Feature","properties":{"id":815007917,"kind":"road","name":null,"highway":"residential"},"geometry":{"type":"LineString","coordinates":[[-72.080573,4.3047829],[-72.0805169,4.3047415],[-72.0802145,4.3044767],[-72.0800194,4.3042848],[-72.0799939,4.3042467],[-72.0799758,4.3042005],[-72.0799792,4.3041504],[-72.0800161,4.3040682],[-72.0802199,4.303782],[-72.0805351,4.3032865],[-72.0807785,4.3029147],[-72.0810923,4.3024313],[-72.0815355,4.3017118],[-72.0822765,4.3022574],[-72.0822892,4.3022754],[-72.0822946,4.3023129],[-72.0822939,4.3023363],[-72.0822792,4.3023677]]}},{"type":"Feature","properties":{"id":815007918,"kind":"road","name":null,"highway":"residential"},"geometry":{"type":"LineString","coordinates":[[-72.078785,4.3078246],[-72.0789693,4.3075673],[-72.0798652,4.3064426],[-72.0799497,4.3063356],[-72.0799564,4.3063008],[-72.0799497,4.3062621],[-72.0799269,4.3062286],[-72.0796087,4.3059941]]}},{"type":"Feature","properties":{"id":815007919,"kind":"road","name":"Calle 13","highway":"residential"},"geometry":{"type":"LineString","coordinates":[[-72.0822371,4.3078025],[-72.0822644,4.3077799],[-72.0823678,4.3069956]]}},{"type":"Feature","properties":{"id":815007921,"kind":"road","name":null,"highway":"residential"},"geometry":{"type":"LineString","coordinates":[[-72.0845118,4.3060821],[-72.0846864,4.3058996],[-72.0848756,4.3057097],[-72.0848876,4.3056622],[-72.0848769,4.3056395],[-72.0848541,4.3056202]]}},{"type":"Feature","properties":{"id":815010511,"kind":"road","name":"Calle 23","highway":"residential"},"geometry":{"type":"LineString","coordinates":[[-72.0840473,4.3211163],[-72.0842516,4.3208663],[-72.0845607,4.3204819]]}},{"type":"Feature","properties":{"id":815010512,"kind":"road","name":"Carrera 2D Bis","highway":"residential"},"geometry":{"type":"LineString","coordinates":[[-72.0846339,4.321186],[-72.0842516,4.3208663]]}},{"type":"Feature","properties":{"id":815010513,"kind":"road","name":"Calle 21A","highway":"residential"},"geometry":{"type":"LineString","coordinates":[[-72.0888994,4.3151398],[-72.0894232,4.314195],[-72.0895206,4.3140242]]}},{"type":"Feature","properties":{"id":815010514,"kind":"road","name":null,"highway":"residential"},"geometry":{"type":"LineString","coordinates":[[-72.0887869,4.3100545],[-72.0887446,4.3100279],[-72.0887098,4.3099718],[-72.0886749,4.3095959],[-72.0886179,4.3092249],[-72.0886119,4.3091373],[-72.0886052,4.3090771],[-72.0885783,4.3090283]]}},{"type":"Feature","properties":{"id":815016399,"kind":"road","name":"Carrera 15","highway":"residential"},"geometry":{"type":"LineString","coordinates":[[-72.0779963,4.3100856],[-72.0773294,4.3103742]]}},{"type":"Feature","properties":{"id":815016400,"kind":"road","name":"Calle 12","highway":"unclassified"},"geometry":{"type":"LineString","coordinates":[[-72.0810143,4.3101289],[-72.080816,4.3094516],[-72.0805488,4.3086085],[-72.0805101,4.3084522],[-72.0805175,4.3083218],[-72.0805622,4.3081991],[-72.0806352,4.3080624],[-72.081056,4.3075454],[-72.0813561,4.3071522],[-72.0817054,4.3066791],[-72.0822916,4.3059371],[-72.0824473,4.3058476],[-72.0825559,4.3058145]]}},{"type":"Feature","properties":{"id":815016401,"kind":"road","name":"Carrera 22","highway":"residential"},"geometry":{"type":"LineString","coordinates":[[-72.0833727,4.3066369],[-72.0825457,4.3066652]]}},{"type":"Feature","properties":{"id":815019296,"kind":"road","name":"Calle 9A","highway":"footway"},"geometry":{"type":"LineString","coordinates":[[-72.080373,4.3120017],[-72.0803856,4.3120348],[-72.0803838,4.3120701],[-72.080368,4.3121018]]}},{"type":"Feature","properties":{"id":815019297,"kind":"road","name":"Calle 9A","highway":"footway"},"geometry":{"type":"LineString","coordinates":[[-72.080373,4.3120017],[-72.0803211,4.311939],[-72.0798209,4.311682]]}},{"type":"Feature","properties":{"id":815019298,"kind":"road","name":"Calle 9A","highway":"footway"},"geometry":{"type":"LineString","coordinates":[[-72.0797397,4.3117207],[-72.0802836,4.3120044],[-72.080373,4.3120017]]}},{"type":"Feature","properties":{"id":815019299,"kind":"road","name":"Calle 12","highway":"residential"},"geometry":{"type":"LineString","coordinates":[[-72.0813294,4.3109482],[-72.0813587,4.3110575],[-72.0814081,4.3112422]]}},{"type":"Feature","properties":{"id":815022620,"kind":"road","name":"Carrera 12","highway":"residential"},"geometry":{"type":"LineString","coordinates":[[-72.0884634,4.311137],[-72.0880551,4.3110103]]}},{"type":"Feature","properties":{"id":815022621,"kind":"road","name":"Carrera 11B","highway":"residential"},"geometry":{"type":"LineString","coordinates":[[-72.0882927,4.3117001],[-72.0878415,4.3115521]]}},{"type":"Feature","properties":{"id":815022622,"kind":"road","name":"Carrera 11A","highway":"residential"},"geometry":{"type":"LineString","coordinates":[[-72.0880285,4.3124337],[-72.0875837,4.3122863]]}},{"type":"Feature","properties":{"id":815058897,"kind":"road","name":"Calle 21","highway":"residential"},"geometry":{"type":"LineString","coordinates":[[-72.0888716,4.3138711],[-72.0881988,4.3149939]]}},{"type":"Feature","properties":{"id":815058898,"kind":"road","name":"Carrera 3","highway":"residential"},"geometry":{"type":"LineString","coordinates":[[-72.0857793,4.3204451],[-72.0857187,4.3204605],[-72.0856652,4.32046],[-72.0856091,4.3204218],[-72.0853583,4.320214],[-72.0852423,4.3201179],[-72.0849833,4.3199015],[-72.0842688,4.3193624],[-72.0842473,4.3193401],[-72.0842332,4.3193125],[-72.0842277,4.3192821]]}},{"type":"Feature","properties":{"id":815060013,"kind":"road","name":null,"highway":"residential"},"geometry":{"type":"LineString","coordinates":[[-72.0807003,4.3264146],[-72.0807275,4.3261811],[-72.0806688,4.3259593],[-72.0806591,4.3258214],[-72.0806618,4.32579],[-72.0806711,4.3257599],[-72.0807329,4.3256783],[-72.080828,4.3255443],[-72.0809685,4.3253463],[-72.081137,4.3251089],[-72.0813049,4.3248723],[-72.0814574,4.3246574],[-72.0816146,4.324436],[-72.0817793,4.3242039],[-72.0819263,4.3239968],[-72.0819667,4.3239398],[-72.0820599,4.3238008],[-72.0820887,4.3237646],[-72.0821129,4.3237325],[-72.082192,4.3237332],[-72.0822993,4.3237359],[-72.0823985,4.3237553],[-72.0825326,4.3238397]]}},{"type":"Feature","properties":{"id":815060014,"kind":"road","name":null,"highway":"residential"},"geometry":{"type":"LineString","coordinates":[[-72.0812753,4.3277269],[-72.0810883,4.3275987],[-72.0808388,4.3274275],[-72.0807441,4.3273522]]}},{"type":"Feature","properties":{"id":815060015,"kind":"road","name":null,"highway":"residential"},"geometry":{"type":"LineString","coordinates":[[-72.0810518,4.328045],[-72.0805288,4.3276617],[-72.0802348,4.3274591],[-72.0800484,4.3273306]]}},{"type":"Feature","properties":{"id":815060018,"kind":"road","name":null,"highway":"residential"},"geometry":{"type":"LineString","coordinates":[[-72.0785639,4.3298435],[-72.0776309,4.3301608]]}},{"type":"Feature","properties":{"id":815060019,"kind":"road","name":null,"highway":"residential"},"geometry":{"type":"LineString","coordinates":[[-72.0844055,4.3251719],[-72.0841511,4.3253003]]}},{"type":"Feature","properties":{"id":815060020,"kind":"road","name":null,"highway":"residential"},"geometry":{"type":"LineString","coordinates":[[-72.0845148,4.3255138],[-72.084292,4.3256067]]}},{"type":"Feature","properties":{"id":815060021,"kind":"road","name":null,"highway":"residential"},"geometry":{"type":"LineString","coordinates":[[-72.0844212,4.325882],[-72.0846663,4.3257813]]}},{"type":"Feature","properties":{"id":815060022,"kind":"road","name":null,"highway":"residential"},"geometry":{"type":"LineString","coordinates":[[-72.0845717,4.3262023],[-72.0848112,4.3260982]]}},{"type":"Feature","properties":{"id":815454594,"kind":"road","name":null,"highway":"unclassified"},"geometry":{"type":"LineString","coordinates":[[-72.12372,4.3198136],[-72.1236455,4.3200904],[-72.1236449,4.3201259],[-72.1236529,4.3201693],[-72.1236596,4.3202155],[-72.1236583,4.3202656],[-72.1236502,4.3203111],[-72.1232271,4.3226293],[-72.1230823,4.3235895],[-72.1228704,4.3248599],[-72.1226947,4.3261744],[-72.12257,4.3277564],[-72.1224815,4.3291392],[-72.12246,4.3294601],[-72.1224412,4.3296046],[-72.1224198,4.3297677],[-72.1223769,4.3302973],[-72.1223205,4.3310007],[-72.1222803,4.3313109],[-72.1222482,4.3315437],[-72.1220738,4.3324369],[-72.1218941,4.3332607],[-72.1216661,4.334269],[-72.1214944,4.3350206],[-72.1211377,4.3366974],[-72.1209526,4.3376282],[-72.1207541,4.3386445],[-72.1205503,4.3397411],[-72.1204376,4.3403],[-72.1203357,4.3409018],[-72.119987,4.3427526],[-72.119641,4.3442289],[-72.1194667,4.3451329],[-72.1194077,4.3455675],[-72.1193889,4.3457614],[-72.1193889,4.3459138],[-72.1194237,4.3464942],[-72.1195632,4.3480374],[-72.1196839,4.3496661],[-72.1197832,4.350768],[-72.1199012,4.3517175],[-72.1201211,4.3532125],[-72.1202901,4.3544454],[-72.120333,4.3546674],[-72.1203867,4.3548814],[-72.1207059,4.356018],[-72.1209392,4.3567749],[-72.1211605,4.3574742],[-72.1211793,4.3576668],[-72.1211739,4.3578032],[-72.1211471,4.3579129],[-72.1211001,4.3580466],[-72.1209204,4.358532],[-72.1207488,4.3589813],[-72.1205744,4.3594212],[-72.1199548,4.3609069],[-72.1197403,4.3617948],[-72.1197832,4.3625223],[-72.1197403,4.3636669],[-72.1196222,4.3649079],[-72.1196061,4.3652983],[-72.1195981,4.3654187],[-72.1195257,4.3655016],[-72.1193755,4.3656112],[-72.1192841,4.3657318],[-72.1189143,4.3665069],[-72.1174121,4.3695614],[-72.1129596,4.378098],[-72.1087217,4.3859821],[-72.1075898,4.3854606],[-72.10715,4.3852065],[-72.1068871,4.3850835],[-72.1066082,4.3850942],[-72.1064258,4.3851637],[-72.1062863,4.3853081],[-72.1027484,4.3891218],[-72.1024588,4.3894935],[-72.1021047,4.3898331],[-72.1017319,4.3902182],[-72.1014154,4.3906809],[-72.101278,4.3908916],[-72.1007266,4.391849]]}},{"type":"Feature","properties":{"id":815468012,"kind":"road","name":null,"highway":"track"},"geometry":{"type":"LineString","coordinates":[[-71.9205058,4.2784975],[-71.9233382,4.2781979],[-71.9251514,4.2778876],[-71.9267285,4.2774811],[-71.9276619,4.2771708],[-71.9288421,4.277128],[-71.9317711,4.2769889],[-71.9325006,4.2769782],[-71.9331443,4.2768284],[-71.9341529,4.2767535],[-71.9373286,4.2766144],[-71.9403327,4.2764647],[-71.944238,4.2762828],[-71.9491625,4.2760581],[-71.9496024,4.275919],[-71.9512224,4.2749989],[-71.9550204,4.2728377],[-71.9577241,4.271297],[-71.9602266,4.2699115],[-71.9626701,4.2684725],[-71.9651994,4.2671137],[-71.9654837,4.2669238],[-71.9657359,4.2666429],[-71.9663286,4.265894],[-71.9671279,4.2648134],[-71.9674847,4.2641634],[-71.9678548,4.2635108],[-71.9687373,4.2622697],[-71.969204,4.2615716],[-71.9693756,4.2614405],[-71.9695634,4.2612238],[-71.9696465,4.2611463],[-71.9699335,4.2611061],[-71.9714758,4.2611864],[-71.9719479,4.2612559],[-71.9731978,4.2615288],[-71.9735438,4.2616331],[-71.9739407,4.2617534],[-71.9748527,4.2621493],[-71.9759256,4.2626308],[-71.9766712,4.2630748],[-71.9771111,4.2633316],[-71.9777978,4.2636846],[-71.9780713,4.2638344],[-71.9788063,4.2645727],[-71.9795922,4.2652654],[-71.9821456,4.2676273],[-71.9826445,4.2680579],[-71.9830629,4.2685501],[-71.9835511,4.2690863],[-71.9840366,4.26964],[-71.9849968,4.270734],[-71.9854729,4.2713051],[-71.987207,4.2735118],[-71.9874805,4.2737257],[-71.9880545,4.273945],[-71.9889718,4.274159],[-71.9893903,4.2742232],[-71.9895995,4.2742339],[-71.9900125,4.2740306],[-71.9904631,4.2737578],[-71.9908869,4.2735545],[-71.9912088,4.2734529],[-71.9914234,4.2734208],[-71.9919062,4.2736615],[-71.9928449,4.2742767],[-71.993317,4.2745388],[-71.9935477,4.2747261],[-71.994862,4.2755017],[-71.9952911,4.2757371],[-71.9961762,4.2762828],[-71.9968361,4.276593],[-71.9978339,4.2769033],[-71.9995022,4.2774704],[-72.0040405,4.2793106],[-72.0061755,4.2801558],[-72.0078814,4.2809903],[-72.0085386,4.2813006],[-72.0093835,4.2813755],[-72.0095524,4.2813701],[-72.0097321,4.2813327],[-72.0105314,4.2810277],[-72.0113334,4.2806881],[-72.0118833,4.2804661],[-72.0123044,4.2804768],[-72.0143724,4.2810866],[-72.0173147,4.2819211],[-72.0201579,4.2828145],[-72.0219496,4.2834404],[-72.0226979,4.2838469],[-72.0233792,4.2842615],[-72.024723,4.2847162],[-72.0252514,4.284874],[-72.0261741,4.2854304],[-72.0278907,4.2864173],[-72.0284915,4.2868479],[-72.0291433,4.287415]]}},{"type":"Feature","properties":{"id":815502871,"kind":"road","name":null,"highway":"unclassified"},"geometry":{"type":"LineString","coordinates":[[-72.1308633,4.2842115],[-72.1341632,4.2867985],[-72.1344557,4.2870278],[-72.1345836,4.2872759],[-72.134487,4.2876664],[-72.1342573,4.2883015],[-72.1304161,4.2985087],[-72.1296579,4.2998419],[-72.1276711,4.3033212],[-72.1259858,4.306266],[-72.1258999,4.3064359],[-72.1258409,4.3066218],[-72.1257699,4.3068625],[-72.1217573,4.3189726]]}},{"type":"Feature","properties":{"id":815517644,"kind":"road","name":null,"highway":"unclassified"},"geometry":{"type":"LineString","coordinates":[[-72.0825559,4.3058145],[-72.0830691,4.3051681],[-72.0840561,4.3039385],[-72.0844546,4.3035107],[-72.0849393,4.3029903],[-72.0860698,4.30179],[-72.0871165,4.3006225],[-72.0878045,4.2999332],[-72.0892462,4.2983632],[-72.0919667,4.2957226],[-72.0927358,4.2950178],[-72.0928779,4.2948921],[-72.0930187,4.294749],[-72.0931783,4.2945831],[-72.0933299,4.294436],[-72.0935029,4.2942542],[-72.0936477,4.294099],[-72.0937657,4.293968],[-72.0943558,4.2933046],[-72.0950036,4.2925236],[-72.0955072,4.2919298],[-72.095768,4.2916022],[-72.0958592,4.2914939],[-72.0960147,4.291296],[-72.0961878,4.2911074],[-72.0963514,4.2909108],[-72.0965096,4.2907316],[-72.0966625,4.2905724],[-72.0975262,4.2896456],[-72.0980398,4.2891268],[-72.0982879,4.288874],[-72.0985173,4.2886199],[-72.0986997,4.2884033],[-72.0988445,4.2882147],[-72.0990711,4.2879486],[-72.0996559,4.287308],[-72.1001883,4.2866995],[-72.1002367,4.2866423],[-72.1006517,4.2861506],[-72.1008566,4.2859087],[-72.1010721,4.2856604],[-72.1017373,4.2848419],[-72.1020538,4.2845423],[-72.1027458,4.2839485],[-72.103985,4.2827824],[-72.1040922,4.2826914],[-72.1043712,4.2825844],[-72.1055996,4.2820923],[-72.1060382,4.2818969],[-72.1066082,4.2816429],[-72.108078,4.2809796],[-72.1083945,4.2808405],[-72.1085018,4.2807228],[-72.1087093,4.2802831],[-72.1087593,4.2801772],[-72.1089041,4.2799953],[-72.1098912,4.2784707],[-72.110259,4.2778981],[-72.110551,4.2774436],[-72.1112216,4.2762881],[-72.1114033,4.2759944],[-72.1118439,4.2752851],[-72.1121094,4.2748571],[-72.1124902,4.2742419],[-72.112906,4.2735973],[-72.1129087,4.2735946],[-72.113414,4.2727669],[-72.1135014,4.2726237],[-72.1138984,4.2719497],[-72.1140674,4.2715939],[-72.1140942,4.2713693],[-72.1140992,4.2707566],[-72.1140861,4.2700533],[-72.1140885,4.2693712],[-72.1140901,4.2689299],[-72.1140919,4.2684116],[-72.1140895,4.2679484],[-72.114082,4.266528],[-72.1140754,4.2652975],[-72.1140745,4.2646957],[-72.1140731,4.2638185],[-72.1140719,4.2631122],[-72.1140701,4.2619728],[-72.1141022,4.2619179],[-72.1141545,4.2618925],[-72.1143812,4.2618939],[-72.1154796,4.2617186],[-72.1162105,4.2615769],[-72.117093,4.261486]]}},{"type":"Feature","properties":{"id":815518052,"kind":"road","name":null,"highway":"unclassified"},"geometry":{"type":"LineString","coordinates":[[-72.0892462,4.2983632],[-72.0855528,4.2948239],[-72.085408,4.2943076],[-72.0851693,4.293548],[-72.0850298,4.2927991],[-72.0848179,4.2916196],[-72.0843512,4.2890385],[-72.0842037,4.2881719],[-72.0836431,4.2852378],[-72.0832408,4.2829054],[-72.0829672,4.2813648],[-72.0828009,4.279578],[-72.0825863,4.277144],[-72.0823234,4.2738915],[-72.0821169,4.2716394],[-72.0820874,4.2715699],[-72.082023,4.2715164],[-72.0819452,4.271511],[-72.0804834,4.2718293],[-72.0802018,4.271848],[-72.0792416,4.2718079],[-72.07885,4.2717517],[-72.0777878,4.2717651],[-72.0769134,4.2717357],[-72.0764253,4.2717063],[-72.0758566,4.2717009],[-72.0758191,4.2716662],[-72.075803,4.2715485],[-72.0757172,4.2705428],[-72.0756635,4.2704304],[-72.0755401,4.2703421],[-72.0753765,4.2702913],[-72.0749447,4.2702111],[-72.0748428,4.2702325],[-72.0747677,4.2702913],[-72.0746711,4.2704251],[-72.0741749,4.2708557]]}},{"type":"Feature","properties":{"id":815520685,"kind":"road","name":null,"highway":"unclassified"},"geometry":{"type":"LineString","coordinates":[[-72.1001883,4.2866995],[-72.0990596,4.2855864],[-72.0986714,4.2852036],[-72.0985525,4.2850863],[-72.0981101,4.2846501],[-72.098051,4.2845917],[-72.0975146,4.2840627],[-72.0972838,4.2838428],[-72.0962738,4.2828805],[-72.0956266,4.2822638],[-72.0950012,4.2816679],[-72.0946831,4.2813648],[-72.0927779,4.2795038],[-72.0921269,4.2788773],[-72.0912874,4.2755606],[-72.0911802,4.2748925],[-72.0909631,4.2735389],[-72.0905651,4.271058],[-72.0897478,4.2659635]]}},{"type":"Feature","properties":{"id":821612668,"kind":"road","name":"Carrera 11","highway":"residential"},"geometry":{"type":"LineString","coordinates":[[-72.080368,4.3121018],[-72.0803281,4.3120877],[-72.0802846,4.3120868],[-72.0802431,4.3120999],[-72.0798571,4.3122809],[-72.0790475,4.3126556],[-72.0784349,4.3129197],[-72.0780078,4.3131231]]}},{"type":"Feature","properties":{"id":821612670,"kind":"road","name":null,"highway":"residential"},"geometry":{"type":"LineString","coordinates":[[-72.0885783,4.3090283],[-72.0885327,4.3090022],[-72.088353,4.3089353],[-72.0881278,4.3088926],[-72.0878381,4.3088818]]}},{"type":"Feature","properties":{"id":821612671,"kind":"road","name":null,"highway":"residential"},"geometry":{"type":"LineString","coordinates":[[-72.0847344,4.3086625],[-72.0848501,4.3086545],[-72.0849225,4.3086652],[-72.0850137,4.3087106],[-72.0854429,4.308732],[-72.0856198,4.3087027]]}},{"type":"Feature","properties":{"id":821612672,"kind":"road","name":null,"highway":"residential"},"geometry":{"type":"LineString","coordinates":[[-72.0846658,4.3093916],[-72.0849212,4.3093806],[-72.0850687,4.3093392]]}},{"type":"Feature","properties":{"id":821620208,"kind":"road","name":null,"highway":"residential"},"geometry":{"type":"LineString","coordinates":[[-72.1075948,4.311465],[-72.1081677,4.3106408],[-72.1086164,4.3100434],[-72.1092639,4.3092053],[-72.1096604,4.3086981],[-72.110125,4.3081065],[-72.110881,4.3071436]]}},{"type":"Feature","properties":{"id":821620209,"kind":"road","name":null,"highway":"residential"},"geometry":{"type":"LineString","coordinates":[[-72.1118143,4.3072664],[-72.1115924,4.3075653],[-72.1112645,4.3079899],[-72.1108514,4.3084753],[-72.1108128,4.308515]]}},{"type":"Feature","properties":{"id":821620210,"kind":"road","name":null,"highway":"residential"},"geometry":{"type":"LineString","coordinates":[[-72.1096198,4.3094196],[-72.1095005,4.3095731],[-72.1090016,4.3102144],[-72.1089696,4.3102545]]}},{"type":"Feature","properties":{"id":821620211,"kind":"road","name":null,"highway":"residential"},"geometry":{"type":"LineString","coordinates":[[-72.1081677,4.3106408],[-72.1084294,4.3108076],[-72.108524,4.3108711]]}},{"type":"Feature","properties":{"id":821620212,"kind":"road","name":null,"highway":"residential"},"geometry":{"type":"LineString","coordinates":[[-72.1079224,4.3116474],[-72.1078447,4.311626],[-72.107649,4.311497]]}},{"type":"Feature","properties":{"id":821620213,"kind":"road","name":null,"highway":"residential"},"geometry":{"type":"LineString","coordinates":[[-72.108524,4.3108711],[-72.1084454,4.3109941],[-72.1079788,4.311618],[-72.1079224,4.3116474]]}},{"type":"Feature","properties":{"id":878497638,"kind":"road","name":"Vía Rubiales - Puerto Gaitán","highway":"unclassified"},"geometry":{"type":"LineString","coordinates":[[-72.0309308,4.3155163],[-72.0308218,4.3154459],[-72.030773,4.3153701],[-72.0305814,4.3146664],[-72.0300299,4.3126413],[-72.0297416,4.3114381],[-72.029441,4.3104684],[-72.029383,4.310215],[-72.028678,4.307658],[-72.0270615,4.3015072],[-72.0265067,4.2997512],[-72.0271094,4.2970183],[-72.0275624,4.2948983],[-72.0277429,4.29404],[-72.0279229,4.2931656],[-72.0281106,4.2922481],[-72.0285073,4.2904247],[-72.0286172,4.2898724],[-72.028926,4.2883912],[-72.0291433,4.287415],[-72.0292289,4.2870391],[-72.0293644,4.2864006],[-72.0296878,4.2847938],[-72.0300574,4.2831274],[-72.0302913,4.282119],[-72.0305226,4.281023],[-72.0306882,4.2803671],[-72.0309779,4.2790164],[-72.0314254,4.2769721],[-72.0319489,4.2747314],[-72.0320964,4.2741858],[-72.0321769,4.2732871],[-72.0320376,4.2706586],[-72.0319864,4.2697885],[-72.0319676,4.2690502],[-72.0319891,4.2685233],[-72.0321071,4.2676941],[-72.0322707,4.2669238],[-72.0324209,4.2661642],[-72.0324343,4.2655944],[-72.032542,4.264637],[-72.0328072,4.2632406],[-72.033002,4.261727],[-72.0331987,4.2602551],[-72.033129,4.2589128],[-72.0332149,4.2583832],[-72.0332685,4.2580515],[-72.0333141,4.2575406],[-72.033048,4.255923],[-72.0329413,4.2552537],[-72.0328125,4.254478],[-72.0326674,4.2529767],[-72.0324826,4.251204],[-72.0321393,4.2496071],[-72.0321527,4.2491604],[-72.0322359,4.248802],[-72.03267,4.24784],[-72.033135,4.246842],[-72.0336038,4.2458222],[-72.03421,4.2445329],[-72.0347732,4.2433854],[-72.0353543,4.2422847],[-72.0361387,4.2407045],[-72.0366642,4.2397316],[-72.0372596,4.2387766],[-72.0385514,4.2370148],[-72.0393732,4.2359199],[-72.0396656,4.2354705],[-72.0399647,4.2348549],[-72.0410824,4.2319786],[-72.042615,4.227525],[-72.042847,4.226802],[-72.0441641,4.2227037],[-72.0442792,4.2223094],[-72.0444432,4.221894],[-72.044625,4.221026],[-72.044932,4.217393],[-72.045138,4.2155958],[-72.0452365,4.2144349],[-72.0450263,4.2079938],[-72.0449998,4.2071195],[-72.0446464,4.2031893],[-72.0447251,4.2011295],[-72.0448972,4.2000616],[-72.0459243,4.1969269],[-72.0470605,4.1943939],[-72.0480178,4.1924432],[-72.0481897,4.1920452],[-72.0481126,4.1915768],[-72.0443319,4.1845638],[-72.037977,4.1722507],[-72.0377102,4.1718645],[-72.0373217,4.1714476],[-72.0365569,4.1702006],[-72.0354572,4.1678358],[-72.0353821,4.167381],[-72.0358399,4.1574975]]}},{"type":"Feature","properties":{"id":909636611,"kind":"road","name":null,"highway":"unclassified"},"geometry":{"type":"LineString","coordinates":[[-72.0855528,4.2948239],[-72.0851129,4.2944467],[-72.0846382,4.2940161],[-72.0845801,4.2939662],[-72.0845164,4.2939237],[-72.084448,4.293889],[-72.084376,4.2938628],[-72.0843013,4.2938453],[-72.0842251,4.2938369],[-72.0841502,4.2938375],[-72.0840759,4.2938469],[-72.0840032,4.2938648],[-72.083933,4.2938911],[-72.0838665,4.2939255],[-72.0838044,4.2939673],[-72.0837437,4.2940141],[-72.0835559,4.2941726],[-72.0822135,4.2955032],[-72.0815805,4.2960917],[-72.0802086,4.2974806],[-72.079524,4.2982085],[-72.0790565,4.2986753],[-72.0785207,4.2992156],[-72.0784718,4.2992691],[-72.0784114,4.2993346],[-72.0781553,4.2996061],[-72.0778468,4.2998348],[-72.0776805,4.299915],[-72.0775142,4.2999631],[-72.0761222,4.3002481],[-72.075979,4.3002806],[-72.0758365,4.3003163],[-72.0756127,4.3003792],[-72.0753913,4.30045],[-72.075087,4.3005706],[-72.0747864,4.3007001],[-72.0745564,4.3008064],[-72.0743288,4.3009178],[-72.0742178,4.3009789],[-72.0741219,4.3010404],[-72.0739979,4.301098],[-72.0738879,4.3011461],[-72.0737699,4.3011956],[-72.0731315,4.3014396],[-72.0727151,4.3016008],[-72.0725964,4.3016336],[-72.0724905,4.3016509],[-72.0724373,4.3016591],[-72.0723812,4.3016677],[-72.0722812,4.301673],[-72.0721753,4.301677],[-72.0720727,4.301661],[-72.0719902,4.3016362],[-72.0719191,4.3016055],[-72.0718313,4.3015627],[-72.0715718,4.3013561],[-72.0712955,4.3011187],[-72.0712271,4.3010505],[-72.0711393,4.3009716],[-72.0710662,4.3009094],[-72.0709904,4.3008465],[-72.0709267,4.300777],[-72.0708402,4.3006593],[-72.0707966,4.3006072],[-72.0707349,4.3005577],[-72.0706679,4.3004995],[-72.0705941,4.3004387],[-72.0705063,4.3003624],[-72.0704158,4.3002835],[-72.0701429,4.3000843],[-72.0697057,4.2997834],[-72.0693724,4.2995299],[-72.0693462,4.2994952],[-72.0693234,4.2994624],[-72.069312,4.2994196],[-72.0693194,4.2993674],[-72.0693402,4.299324],[-72.0693657,4.2992805],[-72.0693938,4.2992444],[-72.0694522,4.2991816],[-72.0697653,4.298773],[-72.0700664,4.2983765],[-72.0705009,4.2978422],[-72.0711165,4.2970873],[-72.0718447,4.2961859],[-72.0718702,4.2961358],[-72.0718829,4.2961044],[-72.0718849,4.2960669],[-72.0718823,4.2960328],[-72.0718682,4.2960041],[-72.0718407,4.2959827],[-72.0717596,4.2959225],[-72.0706082,4.2950084],[-72.0705801,4.2949783],[-72.0705606,4.2949322],[-72.0705472,4.2948793],[-72.0705432,4.2948352],[-72.0705425,4.2947918],[-72.0705432,4.2947403],[-72.0704714,4.2940676],[-72.0704493,4.2939914],[-72.0704111,4.2939004],[-72.0702213,4.2935908],[-72.0701911,4.2935474],[-72.0701422,4.2934979],[-72.0700986,4.2934564],[-72.070057,4.2934143],[-72.0700101,4.2933742],[-72.0699464,4.2933274],[-72.0692604,4.2927524],[-72.0687307,4.2923451],[-72.0686073,4.2922769],[-72.0684598,4.2921973],[-72.0683109,4.2921432],[-72.0682076,4.2921104],[-72.0681097,4.2920897],[-72.067979,4.2920709],[-72.0678187,4.2920475],[-72.0677329,4.2920342],[-72.0676645,4.2920201],[-72.0675968,4.2920014],[-72.0675512,4.2919894],[-72.0674962,4.2919813],[-72.0672099,4.2919506],[-72.0671388,4.2919479],[-72.0670905,4.2919512],[-72.0670449,4.2919579],[-72.0670134,4.2919686],[-72.0669772,4.2919914],[-72.066947,4.2920201],[-72.0669088,4.2920729],[-72.0668229,4.2922027],[-72.06673,4.2923281],[-72.0666379,4.2924621],[-72.0665185,4.2926413],[-72.0663904,4.2928265],[-72.0661806,4.2931315],[-72.0660532,4.2933006],[-72.0659378,4.2934691],[-72.065681,4.293859]]}},{"type":"Feature","properties":{"id":909647781,"kind":"road","name":"Calle 24","highway":"residential"},"geometry":{"type":"LineString","coordinates":[[-72.079496,4.3291461],[-72.0797132,4.3288341],[-72.0799215,4.3285346],[-72.0801195,4.32825],[-72.0805288,4.3276617],[-72.0807441,4.3273522],[-72.0809419,4.327068],[-72.081166,4.3267457],[-72.0813401,4.3264956],[-72.081409,4.3263966],[-72.0816236,4.3260882],[-72.0818708,4.3257328],[-72.0822384,4.3252045],[-72.0824616,4.3248837],[-72.0826569,4.3246029],[-72.0829737,4.3241476]]}},{"type":"Feature","properties":{"id":909649599,"kind":"road","name":null,"highway":"track"},"geometry":{"type":"LineString","coordinates":[[-72.089005,4.3093745],[-72.0890665,4.3093753],[-72.0891537,4.3093673],[-72.0892636,4.3093499],[-72.0899449,4.3091921],[-72.0904183,4.309049],[-72.0906812,4.3089835],[-72.0908636,4.3089594],[-72.0911948,4.3088992],[-72.0915408,4.3088123],[-72.0919257,4.3087026],[-72.0922744,4.3086037],[-72.092713,4.3084994],[-72.0927827,4.3084592],[-72.0929222,4.308391],[-72.0931354,4.3083161],[-72.0933232,4.308268],[-72.0938516,4.3081328],[-72.094264,4.3080313],[-72.0944953,4.3079563],[-72.0946294,4.3078119],[-72.0947636,4.3076033],[-72.0952839,4.3066029],[-72.0954716,4.3061322],[-72.0956754,4.3056722],[-72.0956862,4.3055759],[-72.0956326,4.3053699],[-72.0955682,4.3052549],[-72.0955387,4.3052156],[-72.0955139,4.3051454],[-72.0955065,4.305039],[-72.0955186,4.3049755],[-72.0955655,4.3049093],[-72.095817,4.3046512],[-72.096751,4.3038014],[-72.0974779,4.3031608]]}},{"type":"Feature","properties":{"id":909649600,"kind":"road","name":null,"highway":"service"},"geometry":{"type":"LineString","coordinates":[[-72.083169,4.3061303],[-72.0832133,4.3060394],[-72.0832643,4.3059598],[-72.0838415,4.3053313],[-72.0842023,4.3049747],[-72.0859162,4.3031982],[-72.0864112,4.3026552],[-72.0864339,4.3026305],[-72.0864584,4.3026084],[-72.0864755,4.3025902],[-72.0864942,4.3025686],[-72.08651,4.3025509],[-72.0865264,4.3025319],[-72.0865539,4.3025008],[-72.0866036,4.3024794],[-72.0866518,4.302462],[-72.0866913,4.3024605],[-72.0867301,4.3024685],[-72.0867658,4.3024854],[-72.0869589,4.3025904],[-72.087653,4.303001],[-72.0877308,4.3030484],[-72.0877694,4.3030909],[-72.0878059,4.3031353],[-72.087853,4.3032],[-72.0878957,4.3032677],[-72.0879461,4.3033608],[-72.0879917,4.3034563],[-72.0880325,4.3035539],[-72.0880678,4.3036518],[-72.0881089,4.30375],[-72.0881572,4.3038595],[-72.0881355,4.304009],[-72.0881421,4.304036],[-72.0881542,4.3040612],[-72.0881704,4.3040823],[-72.0881905,4.3040999],[-72.0882276,4.3041357],[-72.0882759,4.3041838],[-72.0883048,4.3042126],[-72.0883246,4.3042324],[-72.0883726,4.3042933],[-72.0888278,4.3049381],[-72.0891081,4.3053761],[-72.0891534,4.3054687],[-72.0891939,4.3055706],[-72.0892153,4.3056636],[-72.0892301,4.3057579],[-72.0892449,4.3058368],[-72.0892619,4.3058656],[-72.0892831,4.3058917],[-72.0893079,4.3059143],[-72.089334,4.305932],[-72.0893624,4.3059459],[-72.0893924,4.3059558],[-72.0894122,4.3059676],[-72.0894294,4.305983],[-72.0894434,4.3060012],[-72.0895386,4.3062607],[-72.0895962,4.3063931]]}},{"type":"Feature","properties":{"id":909649601,"kind":"road","name":null,"highway":"service"},"geometry":{"type":"LineString","coordinates":[[-72.0906758,4.3033854],[-72.0894461,4.3026646],[-72.0883597,4.302008],[-72.0875632,4.3015359],[-72.0875325,4.3015278],[-72.0875009,4.3015251],[-72.0874693,4.3015279],[-72.0874427,4.3015348],[-72.0874175,4.3015455],[-72.0873942,4.30156],[-72.0868268,4.3021792],[-72.0866518,4.3023718],[-72.0866331,4.3023952],[-72.086623,4.3024085],[-72.0866056,4.3024286],[-72.0865539,4.3025008]]}},{"type":"Feature","properties":{"id":909649602,"kind":"road","name":null,"highway":"residential"},"geometry":{"type":"LineString","coordinates":[[-72.0821276,4.3006974],[-72.082031,4.3008793],[-72.0818237,4.3012319],[-72.0816924,4.3014222],[-72.0815852,4.3015908],[-72.0815597,4.3016543],[-72.0815355,4.3017118]]}},{"type":"Feature","properties":{"id":942035966,"kind":"road","name":"Sendero del Malecón Turístico del Municipio de Puerto Gaitán","highway":"path"},"geometry":{"type":"LineString","coordinates":[[-72.0788741,4.3154052],[-72.0787346,4.3152635],[-72.0786622,4.3151351],[-72.0785844,4.3149238],[-72.0784423,4.3147152],[-72.0784304,4.3145635],[-72.0784329,4.3144076],[-72.0784384,4.3143396],[-72.0784419,4.3142954],[-72.0783901,4.3141426],[-72.0783471,4.3140802],[-72.0783327,4.3140537],[-72.0783276,4.3140445],[-72.0782988,4.3139917],[-72.078224,4.3139049],[-72.0781905,4.3138291],[-72.0781889,4.3137197],[-72.0781958,4.3136338],[-72.0781981,4.3135569],[-72.0781423,4.3134887],[-72.078071,4.3134306],[-72.0780172,4.3133538],[-72.0779895,4.3132909],[-72.0779808,4.3132196],[-72.0779193,4.3131383],[-72.0778517,4.3130875],[-72.0778292,4.3130484],[-72.0778021,4.3130012],[-72.0777707,4.3129056],[-72.0777141,4.3127872],[-72.0776886,4.3127547],[-72.0775399,4.3128063],[-72.0775816,4.312892],[-72.0776668,4.312938],[-72.0777519,4.312995],[-72.0778292,4.3130484]]}},{"type":"Feature","properties":{"id":942035967,"kind":"road","name":"Sendero del Malecón Turístico del Municipio de Puerto Gaitán","highway":"path"},"geometry":{"type":"LineString","coordinates":[[-72.0784384,4.3143396],[-72.0783457,4.3143257],[-72.0783324,4.3142518],[-72.0783119,4.3141652],[-72.0783,4.3141298],[-72.0783327,4.3140537]]}},{"type":"Feature","properties":{"id":942035968,"kind":"road","name":"Sendero del Malecón Turístico del Municipio de Puerto Gaitán","highway":"path"},"geometry":{"type":"LineString","coordinates":[[-72.0783457,4.3143257],[-72.0783303,4.3143968]]}},{"type":"Feature","properties":{"id":978259341,"kind":"road","name":null,"highway":"service"},"geometry":{"type":"LineString","coordinates":[[-72.0815542,4.3078856],[-72.0816341,4.3081061],[-72.0818997,4.3090102],[-72.0818916,4.3091279],[-72.0818085,4.3092295],[-72.0817123,4.3092967]]}},{"type":"Feature","properties":{"id":1024124746,"kind":"road","name":null,"highway":"service"},"geometry":{"type":"LineString","coordinates":[[-72.104909,4.2891749],[-72.1040228,4.2884607],[-72.1031221,4.2877347],[-72.1027234,4.2874133],[-72.1008566,4.2859087]]}},{"type":"Feature","properties":{"id":1024429984,"kind":"road","name":null,"highway":"residential"},"geometry":{"type":"LineString","coordinates":[[-72.0830168,4.2897058],[-72.0832676,4.289536],[-72.0832917,4.2894965],[-72.0832863,4.2894457],[-72.0830147,4.2890885]]}},{"type":"Feature","properties":{"id":1024429985,"kind":"road","name":null,"highway":"residential"},"geometry":{"type":"LineString","coordinates":[[-72.0827139,4.2887168],[-72.0821022,4.2891936]]}},{"type":"Feature","properties":{"id":1024429986,"kind":"road","name":null,"highway":"residential"},"geometry":{"type":"LineString","coordinates":[[-72.0823979,4.2883264],[-72.0821437,4.2880064],[-72.0821135,4.28799],[-72.082078,4.2879914],[-72.0820519,4.2879964],[-72.082027,4.2880067],[-72.081449,4.2884715],[-72.0813015,4.2885925],[-72.0812908,4.2886139],[-72.0812874,4.288646],[-72.0813129,4.2886794],[-72.0815617,4.288997],[-72.0823979,4.2883264]]}},{"type":"Feature","properties":{"id":1024429987,"kind":"road","name":null,"highway":"residential"},"geometry":{"type":"LineString","coordinates":[[-72.0842037,4.2881719],[-72.0838201,4.2884367],[-72.0830147,4.2890885],[-72.0820518,4.2898523]]}},{"type":"Feature","properties":{"id":1033800277,"kind":"road","name":null,"highway":"residential"},"geometry":{"type":"LineString","coordinates":[[-72.078029,4.3066299],[-72.0783752,4.3062179],[-72.0785156,4.306021],[-72.0786595,4.3058194],[-72.0786595,4.3057097],[-72.0786528,4.3055947],[-72.0786622,4.3055385],[-72.0786917,4.3054864],[-72.0787485,4.3054379],[-72.0788044,4.3053901],[-72.0788607,4.305354],[-72.0789157,4.3052911],[-72.0790592,4.3051065]]}},{"type":"Feature","properties":{"id":1033800278,"kind":"road","name":null,"highway":"residential"},"geometry":{"type":"LineString","coordinates":[[-72.0784751,4.3051122],[-72.0784262,4.3051694],[-72.0780311,4.3056099],[-72.0776296,4.3060574]]}},{"type":"Feature","properties":{"id":1033800279,"kind":"road","name":null,"highway":"residential"},"geometry":{"type":"LineString","coordinates":[[-72.0785358,4.3073844],[-72.0782559,4.3069668],[-72.078029,4.3066299],[-72.0779327,4.3064867],[-72.0776296,4.3060574],[-72.077592,4.3060039],[-72.0774579,4.3057485],[-72.0774432,4.3056843],[-72.0774499,4.3056241],[-72.0774646,4.3055746],[-72.0775116,4.3055131],[-72.0775853,4.305457],[-72.0776913,4.30537],[-72.0777503,4.3053032],[-72.0777838,4.3052503],[-72.0777985,4.3051882],[-72.0778012,4.305126],[-72.0777905,4.3050571],[-72.0777804,4.3050177],[-72.0777573,4.3049812],[-72.0777426,4.3049755],[-72.0777251,4.3049765],[-72.0776993,4.3049822],[-72.077594,4.3050651],[-72.0774217,4.3051694],[-72.0773687,4.3051868],[-72.0772849,4.3052015],[-72.0771897,4.3051975],[-72.0771414,4.3051888],[-72.0770904,4.3051788],[-72.0770321,4.3051788],[-72.0769744,4.3051775],[-72.0769275,4.3051648],[-72.0768853,4.305148],[-72.0768484,4.305124],[-72.0768216,4.3050999],[-72.0768021,4.3050778],[-72.0767337,4.3050337],[-72.0766023,4.3049755],[-72.0765802,4.3049648],[-72.0765547,4.3049481],[-72.0764051,4.3048572],[-72.076373,4.3048418],[-72.0761946,4.3047843],[-72.076153,4.3047629],[-72.0761148,4.3047328],[-72.0760853,4.3047061],[-72.0760196,4.3046419],[-72.0759834,4.3046225],[-72.075921,4.3046037],[-72.0758425,4.3045797],[-72.0757842,4.3045529],[-72.0757198,4.3045202],[-72.0755965,4.3044399],[-72.0755529,4.3044199],[-72.0754986,4.3044092],[-72.0754456,4.3044118],[-72.0753919,4.3044105],[-72.0752907,4.3043831],[-72.0749943,4.3042701],[-72.0748012,4.3041751],[-72.0747402,4.3041604],[-72.0746738,4.3041437],[-72.0744538,4.3040949],[-72.0744156,4.3040775],[-72.07437,4.3040661],[-72.0741702,4.3040615],[-72.0741186,4.3040401],[-72.0740703,4.3040006],[-72.0740307,4.3039598],[-72.0738383,4.3037666],[-72.0738121,4.3037439],[-72.0737719,4.3037251],[-72.0736431,4.3036843],[-72.0736063,4.3036569],[-72.0735828,4.3036235],[-72.0735218,4.3035459],[-72.0732924,4.303348],[-72.0732281,4.3033119],[-72.0729411,4.3031528],[-72.072693,4.3029629],[-72.0725884,4.302908],[-72.0724288,4.3028318],[-72.0722303,4.3027021],[-72.0720533,4.3025897],[-72.0720103,4.3025322],[-72.0719889,4.302456],[-72.0719822,4.3023677],[-72.0719835,4.3022086],[-72.0720197,4.3020829],[-72.0720693,4.3020241],[-72.0723443,4.3017847],[-72.0723952,4.3017339],[-72.0724373,4.3016591]]}},{"type":"Feature","properties":{"id":1068363445,"kind":"road","name":"VIA DE LA INVACÓN","highway":"residential"},"geometry":{"type":"LineString","coordinates":[[-72.0808749,4.3225667],[-72.0806917,4.3228421],[-72.0805678,4.323033],[-72.0804621,4.3232342],[-72.0803261,4.3234215],[-72.0801899,4.3236092],[-72.079939,4.3239516],[-72.0798125,4.3241291],[-72.0796761,4.324317],[-72.0795852,4.3244135],[-72.0795555,4.3244451],[-72.0795397,4.324467],[-72.0793872,4.3246346],[-72.0793308,4.3246967],[-72.0792476,4.3247882],[-72.0791218,4.3249265],[-72.0790805,4.3249719],[-72.0789087,4.3251609],[-72.0787775,4.3253051],[-72.0787149,4.3253779],[-72.0785122,4.3256137],[-72.0782699,4.3258956],[-72.0780929,4.3261128],[-72.0780014,4.3262229],[-72.0779415,4.326296],[-72.0778954,4.3263593]]}},{"type":"Feature","properties":{"id":1086495209,"kind":"landuse","name":"Plantación Palma aceitera","highway":null},"geometry":{"type":"Polygon","coordinates":[[[-72.0311952,4.2704732],[-72.0120549,4.2753092],[-72.012012,4.2802521],[-72.0180309,4.2820709],[-72.0218933,4.2834992],[-72.0233792,4.2842615],[-72.0252675,4.2848045],[-72.0280355,4.2864146],[-72.0290279,4.2872224],[-72.0319033,4.2737578],[-72.0311952,4.2704732]]]}},{"type":"Feature","properties":{"id":1087977701,"kind":"landuse","name":"Cultivos agroindustriales","highway":null},"geometry":{"type":"Polygon","coordinates":[[[-72.0253909,4.3187137],[-72.0101667,4.311503],[-72.0101667,4.3113264],[-72.0109713,4.3104385],[-72.0142973,4.307705],[-72.0154613,4.3072664],[-72.0209384,4.3058756],[-72.0206702,4.3050197],[-72.0199406,4.3048592],[-72.0189858,4.3048592],[-72.0132136,4.3057472],[-72.0105958,4.3074803],[-72.00948,4.3087],[-72.0074415,4.3096949],[-72.0064974,4.3097591],[-72.0061219,4.3096414],[-72.0058859,4.3094168],[-72.0056605,4.3091386],[-72.0053601,4.3087749],[-72.0060575,4.305699],[-72.0098555,4.2885009],[-72.0157349,4.2925236],[-72.017237,4.2923846],[-72.0184279,4.2919138],[-72.0192862,4.2911435],[-72.0198763,4.2904909],[-72.0197153,4.2901271],[-72.0194686,4.2900736],[-72.0173228,4.2903946],[-72.0165503,4.2899773],[-72.0161641,4.2893354],[-72.0158529,4.2889182],[-72.0161533,4.2885437],[-72.0164323,4.2883297],[-72.0166254,4.2878697],[-72.0166576,4.2871956],[-72.0163465,4.2870031],[-72.0120978,4.2866179],[-72.0120442,4.2864039],[-72.0120442,4.2806265],[-72.0172584,4.2820388],[-72.0218584,4.283562],[-72.023347,4.2843818],[-72.025246,4.2851682],[-72.0279497,4.2866393],[-72.028572,4.2871956],[-72.0287919,4.2878215],[-72.0262063,4.2998094],[-72.0265389,4.3008793],[-72.0263887,4.3016175],[-72.0257717,4.3017138],[-72.0258254,4.3018154],[-72.0267588,4.3017298],[-72.02685,4.3019438],[-72.0273864,4.3038482],[-72.0274025,4.304902],[-72.0278424,4.3057151],[-72.0280087,4.3062286],[-72.0290065,4.3099891],[-72.0301813,4.3143595],[-72.0300847,4.3145199],[-72.028749,4.3151779],[-72.0286846,4.3154239],[-72.0292157,4.3163601],[-72.0253909,4.3187137]]]}},{"type":"Feature","properties":{"id":1087977702,"kind":"landuse","name":"Cultivos agroindustriales","highway":null},"geometry":{"type":"Polygon","coordinates":[[[-72.0256484,4.3188474],[-72.0301008,4.3209925],[-72.0301276,4.3210968],[-72.0273663,4.3280306],[-72.0245808,4.3335041],[-72.0261955,4.3348788],[-72.024436,4.3386445],[-72.0255518,4.3469462],[-72.0257879,4.3494923],[-72.0283413,4.3521668],[-72.0291138,4.3573018],[-72.0304656,4.3605753],[-72.0291138,4.3616023],[-72.0212174,4.3601688],[-72.0121193,4.3568097],[-72.0086646,4.3532152],[-72.0072699,4.3491072],[-71.9896263,4.3414581],[-71.9910049,4.340613],[-71.9939125,4.3379598],[-72.0087075,4.3290857],[-72.0153272,4.3251006],[-72.0179933,4.323528],[-72.0256484,4.3188474]]]}},{"type":"Feature","properties":{"id":1092749506,"kind":"road","name":null,"highway":"service"},"geometry":{"type":"LineString","coordinates":[[-72.0944951,4.3154516],[-72.0946267,4.3153878],[-72.0947005,4.3153263],[-72.0949084,4.3150526]]}},{"type":"Feature","properties":{"id":1092749507,"kind":"road","name":null,"highway":"service"},"geometry":{"type":"LineString","coordinates":[[-72.094035,4.3149815],[-72.0940634,4.3151378],[-72.0940957,4.3153396],[-72.0941262,4.3154149]]}},{"type":"Feature","properties":{"id":1092749508,"kind":"road","name":null,"highway":"service"},"geometry":{"type":"LineString","coordinates":[[-72.0941936,4.3154823],[-72.0942579,4.3155209],[-72.0943102,4.3155343],[-72.0943552,4.3155262],[-72.0944195,4.3155083]]}},{"type":"Feature","properties":{"id":1092942471,"kind":"road","name":null,"highway":"service"},"geometry":{"type":"LineString","coordinates":[[-72.0302461,4.3156093],[-72.0302001,4.3159829]]}},{"type":"Feature","properties":{"id":1092942472,"kind":"road","name":null,"highway":"service"},"geometry":{"type":"LineString","coordinates":[[-72.0303104,4.3155109],[-72.0302671,4.3155443],[-72.0302461,4.3156093]]}},{"type":"Feature","properties":{"id":1092942473,"kind":"road","name":null,"highway":"service"},"geometry":{"type":"LineString","coordinates":[[-72.0305814,4.3146664],[-72.0304441,4.3151378],[-72.0304361,4.3152581],[-72.030471,4.3153678],[-72.0305863,4.3155202]]}},{"type":"Feature","properties":{"id":1092942474,"kind":"road","name":null,"highway":"service"},"geometry":{"type":"LineString","coordinates":[[-72.0307911,4.3156239],[-72.0305863,4.3155202],[-72.0304978,4.3155015],[-72.0303583,4.3154988],[-72.0303104,4.3155109]]}},{"type":"Feature","properties":{"id":1093809937,"kind":"road","name":null,"highway":"service"},"geometry":{"type":"LineString","coordinates":[[-72.077711,4.3117971],[-72.0778012,4.3118092],[-72.077938,4.3118134]]}},{"type":"Feature","properties":{"id":1093809938,"kind":"road","name":null,"highway":"service"},"geometry":{"type":"LineString","coordinates":[[-72.0775876,4.311678],[-72.077634,4.3117476]]}},{"type":"Feature","properties":{"id":1093809941,"kind":"road","name":null,"highway":"service"},"geometry":{"type":"LineString","coordinates":[[-72.077634,4.3117476],[-72.0776725,4.3117731],[-72.077711,4.3117971]]}},{"type":"Feature","properties":{"id":1093900357,"kind":"road","name":null,"highway":"service"},"geometry":{"type":"LineString","coordinates":[[-72.087486,4.3133648],[-72.0874075,4.3133525]]}},{"type":"Feature","properties":{"id":1093900358,"kind":"road","name":null,"highway":"service"},"geometry":{"type":"LineString","coordinates":[[-72.0875531,4.3133736],[-72.087486,4.3133648]]}},{"type":"Feature","properties":{"id":1093900359,"kind":"road","name":null,"highway":"service"},"geometry":{"type":"LineString","coordinates":[[-72.0874075,4.3133525],[-72.087249,4.313265]]}},{"type":"Feature","properties":{"id":1093900360,"kind":"road","name":null,"highway":"service"},"geometry":{"type":"LineString","coordinates":[[-72.0877358,4.3136163],[-72.0876825,4.3135383],[-72.0876342,4.3134608],[-72.0875819,4.3133899],[-72.0875531,4.3133736]]}},{"type":"Feature","properties":{"id":1103733825,"kind":"road","name":null,"highway":"service"},"geometry":{"type":"LineString","coordinates":[[-72.0958592,4.2914939],[-72.0962454,4.2918215],[-72.0964479,4.2920047],[-72.0966679,4.2922067],[-72.0969079,4.292422],[-72.0970877,4.2925878],[-72.0972821,4.2927577],[-72.0974927,4.2929543],[-72.0976536,4.293104],[-72.0978105,4.2932458],[-72.097958,4.2933648],[-72.0981109,4.2934945],[-72.0982598,4.2936216],[-72.0983966,4.29375],[-72.0985495,4.2938944],[-72.0987023,4.2940388],[-72.0988204,4.2941378],[-72.0988874,4.2942007]]}},{"type":"Feature","properties":{"id":1103733826,"kind":"road","name":null,"highway":"service"},"geometry":{"type":"LineString","coordinates":[[-72.1002367,4.2866423],[-72.100376,4.2867316],[-72.100478,4.2868158],[-72.100545,4.286884],[-72.1006228,4.2869643],[-72.1006939,4.2870271],[-72.1015683,4.2877306],[-72.1023086,4.288319],[-72.1028477,4.288747],[-72.1033057,4.2890883],[-72.1033208,4.2891121],[-72.1033228,4.2891405],[-72.1033157,4.2891619],[-72.1033017,4.2891866],[-72.1032581,4.2892511],[-72.1032058,4.28933]]}},{"type":"Feature","properties":{"id":1103733827,"kind":"road","name":null,"highway":"service"},"geometry":{"type":"LineString","coordinates":[[-72.1040228,4.2884607],[-72.10417,4.2882802],[-72.1043055,4.2881238],[-72.1044275,4.2879713],[-72.1044503,4.2879412],[-72.104459,4.2879071],[-72.1044523,4.2878449],[-72.1044443,4.2877894],[-72.1044342,4.2877279],[-72.1044429,4.2876657],[-72.1044731,4.2876109],[-72.104516,4.2875587],[-72.1046287,4.2874323]]}},{"type":"Feature","properties":{"id":1108996404,"kind":"road","name":null,"highway":"residential"},"geometry":{"type":"LineString","coordinates":[[-72.1089696,4.3102545],[-72.108524,4.3108711]]}},{"type":"Feature","properties":{"id":1108996405,"kind":"road","name":null,"highway":"residential"},"geometry":{"type":"LineString","coordinates":[[-72.1127363,4.306058],[-72.1124214,4.3058187],[-72.1121128,4.3055181]]}},{"type":"Feature","properties":{"id":1108996406,"kind":"road","name":null,"highway":"residential"},"geometry":{"type":"LineString","coordinates":[[-72.1119037,4.305795],[-72.1120128,4.3056469]]}},{"type":"Feature","properties":{"id":1108996407,"kind":"road","name":null,"highway":"residential"},"geometry":{"type":"LineString","coordinates":[[-72.1103424,4.3091115],[-72.1108128,4.308515]]}},{"type":"Feature","properties":{"id":1108996409,"kind":"road","name":null,"highway":"residential"},"geometry":{"type":"LineString","coordinates":[[-72.1128939,4.3058515],[-72.1127363,4.306058],[-72.1126099,4.3062238],[-72.1121538,4.3068207],[-72.1118143,4.3072664]]}},{"type":"Feature","properties":{"id":1109187814,"kind":"road","name":null,"highway":"service"},"geometry":{"type":"LineString","coordinates":[[-72.0881572,4.3038595],[-72.088227,4.303899],[-72.0882706,4.3039317],[-72.0883081,4.3039692],[-72.0883188,4.3039973],[-72.0883262,4.3040274],[-72.0883262,4.3040789],[-72.0883202,4.3041504],[-72.0883048,4.3042126]]}},{"type":"Feature","properties":{"id":1109192078,"kind":"road","name":null,"highway":"residential"},"geometry":{"type":"LineString","coordinates":[[-72.0830147,4.2890885],[-72.0827139,4.2887168],[-72.0823979,4.2883264]]}},{"type":"Feature","properties":{"id":1109192079,"kind":"road","name":null,"highway":"residential"},"geometry":{"type":"LineString","coordinates":[[-72.0720693,4.3020241],[-72.0719607,4.3018355],[-72.0719098,4.3017552],[-72.0719004,4.3016991],[-72.0719191,4.3016055]]}},{"type":"Feature","properties":{"id":1109192080,"kind":"road","name":null,"highway":"residential"},"geometry":{"type":"LineString","coordinates":[[-72.079196,4.3065362],[-72.0785156,4.306021],[-72.0780311,4.3056099]]}},{"type":"Feature","properties":{"id":1109192081,"kind":"road","name":null,"highway":"residential"},"geometry":{"type":"LineString","coordinates":[[-72.0786595,4.3058194],[-72.0788345,4.30557],[-72.0788406,4.3055526],[-72.0788406,4.3055345],[-72.0787485,4.3054379],[-72.0785482,4.3052156],[-72.0784751,4.3051122]]}},{"type":"Feature","properties":{"id":1109197664,"kind":"road","name":null,"highway":"residential"},"geometry":{"type":"LineString","coordinates":[[-72.0796519,4.3052297],[-72.0800208,4.3055024]]}},{"type":"Feature","properties":{"id":1109197665,"kind":"road","name":null,"highway":"service"},"geometry":{"type":"LineString","coordinates":[[-72.0793811,4.3040541],[-72.0784751,4.3051122]]}},{"type":"Feature","properties":{"id":1109197666,"kind":"road","name":null,"highway":"service"},"geometry":{"type":"LineString","coordinates":[[-72.0844546,4.3035107],[-72.0839515,4.3027756]]}},{"type":"Feature","properties":{"id":1111050400,"kind":"road","name":null,"highway":"residential"},"geometry":{"type":"LineString","coordinates":[[-72.081445,4.3233514],[-72.0812921,4.3235855],[-72.0811325,4.3238248],[-72.080985,4.3240334],[-72.0808281,4.3242835],[-72.0806846,4.3244828],[-72.0805264,4.3246954],[-72.0803641,4.3249067],[-72.0802112,4.325138],[-72.080063,4.3253493],[-72.079896,4.3255927],[-72.0797083,4.3257947]]}},{"type":"Feature","properties":{"id":1111050401,"kind":"road","name":null,"highway":"residential"},"geometry":{"type":"LineString","coordinates":[[-72.0820599,4.3238008],[-72.081445,4.3233514],[-72.0816176,4.3230712],[-72.081959,4.3226636]]}},{"type":"Feature","properties":{"id":1111050402,"kind":"road","name":null,"highway":"residential"},"geometry":{"type":"LineString","coordinates":[[-72.0821129,4.3237325],[-72.0822313,4.3234966]]}},{"type":"Feature","properties":{"id":1111050403,"kind":"road","name":null,"highway":"residential"},"geometry":{"type":"LineString","coordinates":[[-72.0829737,4.3241476],[-72.083635,4.3245771]]}},{"type":"Feature","properties":{"id":1111050404,"kind":"road","name":null,"highway":"residential"},"geometry":{"type":"LineString","coordinates":[[-72.0830025,4.3252686],[-72.0824616,4.3248837]]}},{"type":"Feature","properties":{"id":1111050405,"kind":"road","name":null,"highway":"residential"},"geometry":{"type":"LineString","coordinates":[[-72.0837282,4.324573],[-72.083635,4.3245771],[-72.0835298,4.3246138],[-72.0834171,4.3247028],[-72.0832035,4.3249825]]}},{"type":"Feature","properties":{"id":1111050406,"kind":"road","name":null,"highway":"residential"},"geometry":{"type":"LineString","coordinates":[[-72.0823815,4.3261525],[-72.0819385,4.3258254],[-72.0819043,4.3257873],[-72.0818708,4.3257328]]}},{"type":"Feature","properties":{"id":1111050409,"kind":"road","name":null,"highway":"residential"},"geometry":{"type":"LineString","coordinates":[[-72.0836521,4.3285139],[-72.0825731,4.3277465],[-72.0821728,4.3274618],[-72.0816985,4.3271245],[-72.081166,4.3267457],[-72.0808849,4.3265458],[-72.0807003,4.3264146]]}},{"type":"Feature","properties":{"id":1111050411,"kind":"road","name":null,"highway":"residential"},"geometry":{"type":"LineString","coordinates":[[-72.0793332,4.330491],[-72.0794146,4.330375],[-72.0795423,4.3301933],[-72.079808,4.3298151],[-72.0800181,4.3295161],[-72.0802333,4.3292099],[-72.0804506,4.3289006],[-72.080662,4.3285997],[-72.0808464,4.3283372],[-72.0810518,4.328045],[-72.0812753,4.3277269],[-72.0814743,4.3274437],[-72.0816985,4.3271245],[-72.0818802,4.326866],[-72.0819482,4.3267692],[-72.0821622,4.3264645],[-72.0823815,4.3261525],[-72.0827826,4.3255816],[-72.0830025,4.3252686],[-72.0832035,4.3249825]]}},{"type":"Feature","properties":{"id":1111050412,"kind":"road","name":null,"highway":"residential"},"geometry":{"type":"LineString","coordinates":[[-72.0803319,4.329737],[-72.0797516,4.3305917],[-72.0797123,4.3306476]]}},{"type":"Feature","properties":{"id":1111050413,"kind":"road","name":null,"highway":"residential"},"geometry":{"type":"LineString","coordinates":[[-72.0793113,4.3294428],[-72.0794213,4.3295324],[-72.079808,4.3298151]]}},{"type":"Feature","properties":{"id":1111050415,"kind":"road","name":null,"highway":"residential"},"geometry":{"type":"LineString","coordinates":[[-72.0846932,4.3264325],[-72.0846442,4.3264339],[-72.0846194,4.3264299],[-72.0845839,4.3264125],[-72.0841717,4.3261159],[-72.0838858,4.3259102]]}},{"type":"Feature","properties":{"id":1111054911,"kind":"road","name":null,"highway":"residential"},"geometry":{"type":"LineString","coordinates":[[-72.0791105,4.3237765],[-72.0785593,4.3234303]]}},{"type":"Feature","properties":{"id":1111054912,"kind":"road","name":null,"highway":"residential"},"geometry":{"type":"LineString","coordinates":[[-72.0790766,4.3238248],[-72.0796761,4.324317]]}},{"type":"Feature","properties":{"id":1111054913,"kind":"road","name":null,"highway":"residential"},"geometry":{"type":"LineString","coordinates":[[-72.0789452,4.3239826],[-72.0795397,4.324467]]}},{"type":"Feature","properties":{"id":1111054914,"kind":"road","name":null,"highway":"residential"},"geometry":{"type":"LineString","coordinates":[[-72.0788607,4.3240856],[-72.0783559,4.3237817]]}},{"type":"Feature","properties":{"id":1111054915,"kind":"road","name":null,"highway":"residential"},"geometry":{"type":"LineString","coordinates":[[-72.0788205,4.3241471],[-72.0793872,4.3246346]]}},{"type":"Feature","properties":{"id":1111054916,"kind":"road","name":null,"highway":"residential"},"geometry":{"type":"LineString","coordinates":[[-72.0787494,4.3242661],[-72.0782505,4.3239639]]}},{"type":"Feature","properties":{"id":1111054917,"kind":"road","name":null,"highway":"residential"},"geometry":{"type":"LineString","coordinates":[[-72.0787065,4.324325],[-72.0792476,4.3247882]]}},{"type":"Feature","properties":{"id":1111054918,"kind":"road","name":null,"highway":"residential"},"geometry":{"type":"LineString","coordinates":[[-72.0785496,4.3245242],[-72.0790805,4.3249719]]}},{"type":"Feature","properties":{"id":1111054919,"kind":"road","name":null,"highway":"residential"},"geometry":{"type":"LineString","coordinates":[[-72.0773613,4.3255205],[-72.0774061,4.3254484],[-72.0775464,4.3252223],[-72.0777033,4.3249401],[-72.0780145,4.3243918]]}},{"type":"Feature","properties":{"id":1111054920,"kind":"road","name":null,"highway":"residential"},"geometry":{"type":"LineString","coordinates":[[-72.0783953,4.3246994],[-72.0789087,4.3251609]]}},{"type":"Feature","properties":{"id":1111054921,"kind":"road","name":null,"highway":"residential"},"geometry":{"type":"LineString","coordinates":[[-72.0780145,4.3243918],[-72.0780938,4.3242481],[-72.0782505,4.3239639],[-72.0783559,4.3237817],[-72.0784744,4.323577],[-72.0785593,4.3234303],[-72.0786559,4.3232634],[-72.0787691,4.3230679],[-72.0793916,4.3219923],[-72.0794521,4.3218924],[-72.079495,4.3218423],[-72.0795252,4.3218383],[-72.0801106,4.3222014],[-72.080124,4.3222395],[-72.0801247,4.3222742],[-72.0800556,4.3224247],[-72.0799443,4.3226079],[-72.0798276,4.3227978],[-72.0797276,4.3229397],[-72.0796881,4.3229957],[-72.0796064,4.3231067],[-72.0795635,4.3231789],[-72.0794816,4.3232966],[-72.0793851,4.323421],[-72.0793591,4.323453],[-72.0793334,4.3234933],[-72.079228,4.3236141],[-72.0791893,4.3236617],[-72.0791105,4.3237765],[-72.0790766,4.3238248],[-72.0789842,4.3239357],[-72.0789452,4.3239826],[-72.0788607,4.3240856],[-72.0788205,4.3241471],[-72.0787494,4.3242661],[-72.0787065,4.324325],[-72.0786158,4.3244402],[-72.0785496,4.3245242],[-72.0783953,4.3246994],[-72.0780145,4.3243918]]}},{"type":"Feature","properties":{"id":1111054922,"kind":"road","name":null,"highway":"residential"},"geometry":{"type":"LineString","coordinates":[[-72.0780929,4.3261128],[-72.0773613,4.3255205],[-72.0771897,4.3258],[-72.0778954,4.3263593]]}},{"type":"Feature","properties":{"id":1111054923,"kind":"road","name":null,"highway":"residential"},"geometry":{"type":"LineString","coordinates":[[-72.0794099,4.3269205],[-72.0785066,4.3262968],[-72.0782943,4.3261977],[-72.0780929,4.3261128]]}},{"type":"Feature","properties":{"id":1111054924,"kind":"road","name":null,"highway":"residential"},"geometry":{"type":"LineString","coordinates":[[-72.0788379,4.3261905],[-72.0795581,4.3266746]]}},{"type":"Feature","properties":{"id":1111054925,"kind":"road","name":null,"highway":"residential"},"geometry":{"type":"LineString","coordinates":[[-72.0791303,4.3257505],[-72.0789962,4.3259524],[-72.0788379,4.3261905],[-72.0786488,4.3260715]]}},{"type":"Feature","properties":{"id":1111054926,"kind":"road","name":null,"highway":"residential"},"geometry":{"type":"LineString","coordinates":[[-72.0783762,4.3265095],[-72.0785066,4.3262968],[-72.0786488,4.3260715],[-72.0788537,4.3258474]]}},{"type":"Feature","properties":{"id":1111054927,"kind":"road","name":null,"highway":"residential"},"geometry":{"type":"LineString","coordinates":[[-72.0797043,4.3264553],[-72.0794038,4.3262146],[-72.0789962,4.3259524],[-72.0788537,4.3258474],[-72.0785122,4.3256137],[-72.0777033,4.3249401]]}},{"type":"Feature","properties":{"id":1111054928,"kind":"road","name":null,"highway":"residential"},"geometry":{"type":"LineString","coordinates":[[-72.0798598,4.3262266],[-72.0795414,4.3260188],[-72.0791303,4.3257505],[-72.0787149,4.3253779],[-72.078044,4.3248492]]}},{"type":"Feature","properties":{"id":1111054929,"kind":"road","name":null,"highway":"residential"},"geometry":{"type":"LineString","coordinates":[[-72.0794038,4.3262146],[-72.0795414,4.3260188],[-72.0797083,4.3257947],[-72.0794684,4.3256089],[-72.0789087,4.3251609]]}},{"type":"Feature","properties":{"id":1111054930,"kind":"road","name":null,"highway":"residential"},"geometry":{"type":"LineString","coordinates":[[-72.0783601,4.327174],[-72.0785249,4.3269425]]}},{"type":"Feature","properties":{"id":1111054931,"kind":"road","name":null,"highway":"residential"},"geometry":{"type":"LineString","coordinates":[[-72.0789519,4.3275759],[-72.0783601,4.327174],[-72.0779514,4.3268966]]}},{"type":"Feature","properties":{"id":1111054932,"kind":"road","name":null,"highway":"residential"},"geometry":{"type":"LineString","coordinates":[[-72.0791008,4.3273619],[-72.0785249,4.3269425],[-72.07817,4.3266839]]}},{"type":"Feature","properties":{"id":1111054933,"kind":"road","name":null,"highway":"residential"},"geometry":{"type":"LineString","coordinates":[[-72.0783283,4.3264753],[-72.0783762,4.3265095],[-72.0792563,4.3271373]]}},{"type":"Feature","properties":{"id":1111054934,"kind":"road","name":null,"highway":"residential"},"geometry":{"type":"LineString","coordinates":[[-72.0779581,4.327945],[-72.0779474,4.327842],[-72.0779293,4.3278139],[-72.0778757,4.3277584],[-72.0778294,4.3277337],[-72.0777757,4.327727],[-72.0775692,4.3278313],[-72.0773734,4.3278969],[-72.0773023,4.3279142],[-72.0772299,4.327917],[-72.0771669,4.3279169],[-72.0771495,4.3279102],[-72.0771367,4.3279002],[-72.077134,4.3278781],[-72.0771468,4.3278474],[-72.0778002,4.3270673],[-72.0779514,4.3268966],[-72.07817,4.3266839],[-72.0783283,4.3264753],[-72.078331,4.3264312],[-72.078329,4.3263831],[-72.0782943,4.3261977],[-72.0782699,4.3258956]]}},{"type":"Feature","properties":{"id":1111054935,"kind":"road","name":null,"highway":"residential"},"geometry":{"type":"LineString","coordinates":[[-72.0778002,4.3270673],[-72.0778856,4.3271264],[-72.0779595,4.3271775],[-72.0780798,4.3272608],[-72.0788032,4.3277611],[-72.0791013,4.3279673],[-72.0794324,4.3281962],[-72.0795411,4.3282715],[-72.0796207,4.3283267],[-72.0799215,4.3285346],[-72.0803659,4.328842],[-72.0804506,4.3289006]]}},{"type":"Feature","properties":{"id":1111054936,"kind":"road","name":null,"highway":"residential"},"geometry":{"type":"LineString","coordinates":[[-72.0800484,4.3273306],[-72.079715,4.3270918],[-72.0794401,4.3268778]]}},{"type":"Feature","properties":{"id":1111054938,"kind":"road","name":null,"highway":"residential"},"geometry":{"type":"LineString","coordinates":[[-72.0788312,4.3283716],[-72.0791013,4.3279673],[-72.079715,4.3270918],[-72.080348,4.3262266]]}},{"type":"Feature","properties":{"id":1111054939,"kind":"road","name":null,"highway":"residential"},"geometry":{"type":"LineString","coordinates":[[-72.0803319,4.329737],[-72.0800181,4.3295161],[-72.0797756,4.3293442],[-72.079496,4.3291461],[-72.0791068,4.3288703],[-72.0788312,4.3283716]]}},{"type":"Feature","properties":{"id":1111054940,"kind":"road","name":null,"highway":"residential"},"geometry":{"type":"LineString","coordinates":[[-72.0795411,4.3282715],[-72.0791068,4.3288703],[-72.0784288,4.3290844]]}},{"type":"Feature","properties":{"id":1111054941,"kind":"road","name":null,"highway":"residential"},"geometry":{"type":"LineString","coordinates":[[-72.0800165,4.3260312],[-72.0798598,4.3262266],[-72.0797043,4.3264553],[-72.0795581,4.3266746],[-72.0794401,4.3268778],[-72.0794099,4.3269205],[-72.0792563,4.3271373],[-72.0791008,4.3273619],[-72.0789519,4.3275759],[-72.0788032,4.3277611],[-72.0786797,4.3278875],[-72.0785858,4.3279276],[-72.0785574,4.3279297],[-72.0784611,4.327937],[-72.0783571,4.3279387],[-72.0779581,4.327945],[-72.0780245,4.3281189],[-72.0780413,4.328163],[-72.0780748,4.3282365],[-72.0781477,4.3284906],[-72.0781593,4.3285307],[-72.078288,4.3288664],[-72.0784288,4.3290844]]}},{"type":"Feature","properties":{"id":1111237387,"kind":"road","name":null,"highway":"residential"},"geometry":{"type":"LineString","coordinates":[[-72.0841717,4.3261159],[-72.0843103,4.3259611],[-72.0843183,4.3259264],[-72.084313,4.3258769],[-72.0841748,4.3255369]]}},{"type":"Feature","properties":{"id":1111237388,"kind":"road","name":null,"highway":"residential"},"geometry":{"type":"LineString","coordinates":[[-72.0812921,4.3235855],[-72.0819263,4.3239968]]}},{"type":"Feature","properties":{"id":1111237389,"kind":"road","name":null,"highway":"residential"},"geometry":{"type":"LineString","coordinates":[[-72.0808684,4.3236457],[-72.0811325,4.3238248],[-72.0817793,4.3242039]]}},{"type":"Feature","properties":{"id":1111237390,"kind":"road","name":null,"highway":"residential"},"geometry":{"type":"LineString","coordinates":[[-72.080985,4.3240334],[-72.0816146,4.324436]]}},{"type":"Feature","properties":{"id":1111237391,"kind":"road","name":null,"highway":"residential"},"geometry":{"type":"LineString","coordinates":[[-72.0808281,4.3242835],[-72.0814574,4.3246574],[-72.0817849,4.3248905],[-72.0819653,4.3250144],[-72.0822384,4.3252045],[-72.0827826,4.3255816],[-72.0830958,4.3257987],[-72.0833756,4.3259926],[-72.0836712,4.3261975],[-72.0845664,4.3268179]]}},{"type":"Feature","properties":{"id":1111237392,"kind":"road","name":null,"highway":"residential"},"geometry":{"type":"LineString","coordinates":[[-72.0806846,4.3244828],[-72.0813049,4.3248723]]}},{"type":"Feature","properties":{"id":1111237393,"kind":"road","name":null,"highway":"residential"},"geometry":{"type":"LineString","coordinates":[[-72.081137,4.3251089],[-72.0805264,4.3246954]]}},{"type":"Feature","properties":{"id":1111237394,"kind":"road","name":null,"highway":"residential"},"geometry":{"type":"LineString","coordinates":[[-72.080089,4.3247387],[-72.0803641,4.3249067],[-72.0809685,4.3253463]]}},{"type":"Feature","properties":{"id":1111237395,"kind":"road","name":null,"highway":"residential"},"geometry":{"type":"LineString","coordinates":[[-72.080828,4.3255443],[-72.0802112,4.325138]]}},{"type":"Feature","properties":{"id":1111237396,"kind":"road","name":null,"highway":"residential"},"geometry":{"type":"LineString","coordinates":[[-72.0806618,4.32579],[-72.080063,4.3253493]]}},{"type":"Feature","properties":{"id":1111237398,"kind":"road","name":null,"highway":"residential"},"geometry":{"type":"LineString","coordinates":[[-72.0791218,4.3249265],[-72.0794635,4.325221],[-72.0794769,4.3252444],[-72.0794823,4.3252765],[-72.0794897,4.3252918],[-72.0796123,4.3254071],[-72.079896,4.3255927],[-72.0802353,4.3258548],[-72.0802581,4.3258949],[-72.0802789,4.3259489]]}},{"type":"Feature","properties":{"id":1111237399,"kind":"road","name":null,"highway":"residential"},"geometry":{"type":"LineString","coordinates":[[-72.0813846,4.3229101],[-72.0808684,4.3236457],[-72.080089,4.3247387],[-72.0797906,4.325157],[-72.0796123,4.3254071],[-72.0794684,4.3256089]]}},{"type":"Feature","properties":{"id":1111237400,"kind":"road","name":null,"highway":"residential"},"geometry":{"type":"LineString","coordinates":[[-72.0789842,4.3239357],[-72.0784744,4.323577]]}},{"type":"Feature","properties":{"id":1111237401,"kind":"road","name":null,"highway":"residential"},"geometry":{"type":"LineString","coordinates":[[-72.0796694,4.3221666],[-72.0800556,4.3224247],[-72.0806917,4.3228421]]}},{"type":"Feature","properties":{"id":1111237402,"kind":"road","name":null,"highway":"residential"},"geometry":{"type":"LineString","coordinates":[[-72.0794897,4.322295],[-72.0799443,4.3226079],[-72.0805678,4.323033]]}},{"type":"Feature","properties":{"id":1111237403,"kind":"road","name":null,"highway":"residential"},"geometry":{"type":"LineString","coordinates":[[-72.0793817,4.3224655],[-72.0798276,4.3227978],[-72.0804621,4.3232342]]}},{"type":"Feature","properties":{"id":1111237404,"kind":"road","name":null,"highway":"residential"},"geometry":{"type":"LineString","coordinates":[[-72.0797276,4.3229397],[-72.0792764,4.3226507]]}},{"type":"Feature","properties":{"id":1111237405,"kind":"road","name":null,"highway":"residential"},"geometry":{"type":"LineString","coordinates":[[-72.0796881,4.3229957],[-72.0803261,4.3234215]]}},{"type":"Feature","properties":{"id":1111237406,"kind":"road","name":null,"highway":"residential"},"geometry":{"type":"LineString","coordinates":[[-72.0796064,4.3231067],[-72.0790994,4.3227884]]}},{"type":"Feature","properties":{"id":1111237407,"kind":"road","name":null,"highway":"residential"},"geometry":{"type":"LineString","coordinates":[[-72.0793334,4.3234933],[-72.079939,4.3239516]]}},{"type":"Feature","properties":{"id":1111237408,"kind":"road","name":null,"highway":"residential"},"geometry":{"type":"LineString","coordinates":[[-72.0795635,4.3231789],[-72.0801899,4.3236092]]}},{"type":"Feature","properties":{"id":1111237409,"kind":"road","name":null,"highway":"residential"},"geometry":{"type":"LineString","coordinates":[[-72.0794816,4.3232966],[-72.0790203,4.3229756]]}},{"type":"Feature","properties":{"id":1111237410,"kind":"road","name":null,"highway":"residential"},"geometry":{"type":"LineString","coordinates":[[-72.0793591,4.323453],[-72.0787691,4.3230679]]}},{"type":"Feature","properties":{"id":1111237411,"kind":"road","name":null,"highway":"residential"},"geometry":{"type":"LineString","coordinates":[[-72.0786559,4.3232634],[-72.0789506,4.3234343],[-72.079228,4.3236141]]}},{"type":"Feature","properties":{"id":1111237412,"kind":"road","name":null,"highway":"residential"},"geometry":{"type":"LineString","coordinates":[[-72.0791893,4.3236617],[-72.0798125,4.3241291]]}},{"type":"Feature","properties":{"id":1111237413,"kind":"road","name":null,"highway":"residential"},"geometry":{"type":"LineString","coordinates":[[-72.0779099,4.3241712],[-72.0778864,4.3241037],[-72.0778824,4.3240635],[-72.0778857,4.3240207],[-72.0784999,4.3229181],[-72.0789063,4.3223645],[-72.0792443,4.3220222],[-72.07931,4.3219941],[-72.0793916,4.3219923]]}},{"type":"Feature","properties":{"id":1111237414,"kind":"road","name":null,"highway":"residential"},"geometry":{"type":"LineString","coordinates":[[-72.0780938,4.3242481],[-72.0779099,4.3241712],[-72.0772447,4.325356],[-72.0774061,4.3254484]]}},{"type":"Feature","properties":{"id":1111237415,"kind":"road","name":null,"highway":"residential"},"geometry":{"type":"LineString","coordinates":[[-72.0775464,4.3252223],[-72.0782699,4.3258956]]}},{"type":"Feature","properties":{"id":1111237418,"kind":"road","name":null,"highway":"residential"},"geometry":{"type":"LineString","coordinates":[[-72.0808713,4.3261743],[-72.0810548,4.3263007],[-72.0813401,4.3264956],[-72.0818802,4.326866],[-72.0827665,4.3274739],[-72.0838126,4.328191],[-72.0838384,4.3281994],[-72.0838651,4.3281941],[-72.0838858,4.3281765],[-72.0838952,4.3281511],[-72.083891,4.3281243],[-72.0838742,4.328103],[-72.0828325,4.3273803],[-72.0819482,4.3267692],[-72.081409,4.3263966],[-72.0811252,4.3262013],[-72.0809423,4.3260745]]}},{"type":"Feature","properties":{"id":1111237419,"kind":"road","name":null,"highway":"residential"},"geometry":{"type":"LineString","coordinates":[[-72.0796207,4.3283267],[-72.0802348,4.3274591],[-72.0808849,4.3265458],[-72.0810548,4.3263007],[-72.0811252,4.3262013],[-72.0819653,4.3250144],[-72.0827105,4.3239615],[-72.0827884,4.3238516]]}},{"type":"Feature","properties":{"id":1111237420,"kind":"road","name":null,"highway":"residential"},"geometry":{"type":"LineString","coordinates":[[-72.0797516,4.3305917],[-72.0794146,4.330375]]}},{"type":"Feature","properties":{"id":1111237421,"kind":"road","name":null,"highway":"residential"},"geometry":{"type":"LineString","coordinates":[[-72.0797132,4.3288341],[-72.0802333,4.3292099],[-72.0805379,4.3294225]]}},{"type":"Feature","properties":{"id":1111246067,"kind":"road","name":null,"highway":"service"},"geometry":{"type":"LineString","coordinates":[[-72.0780245,4.3281189],[-72.0778267,4.3281884],[-72.077885,4.3284056],[-72.0779581,4.3286785],[-72.0779541,4.32873],[-72.0779387,4.328746],[-72.0774901,4.3288604],[-72.0774559,4.3288637],[-72.0774237,4.3288517],[-72.0773976,4.3288343],[-72.0772413,4.3283388],[-72.0772433,4.3283041],[-72.0772762,4.3282559],[-72.0773057,4.3282232],[-72.0773567,4.3281944],[-72.0777741,4.3280213],[-72.0779581,4.327945]]}},{"type":"Feature","properties":{"id":1111246070,"kind":"road","name":"Calle 25","highway":"residential"},"geometry":{"type":"LineString","coordinates":[[-72.0817727,4.3276543],[-72.0816646,4.3278186],[-72.0811634,4.3285594],[-72.0805379,4.3294225]]}},{"type":"Feature","properties":{"id":1111246071,"kind":"road","name":null,"highway":"residential"},"geometry":{"type":"LineString","coordinates":[[-72.0819324,4.327767],[-72.0821728,4.3274618]]}},{"type":"Feature","properties":{"id":1111246072,"kind":"road","name":null,"highway":"residential"},"geometry":{"type":"LineString","coordinates":[[-72.0826881,4.3231989],[-72.0824931,4.323445]]}},{"type":"Feature","properties":{"id":1111246073,"kind":"road","name":null,"highway":"residential"},"geometry":{"type":"LineString","coordinates":[[-72.0821162,4.3234215],[-72.082446,4.3230212]]}},{"type":"Feature","properties":{"id":1111246074,"kind":"road","name":null,"highway":"residential"},"geometry":{"type":"LineString","coordinates":[[-72.082904,4.3239355],[-72.0831085,4.3236411]]}},{"type":"Feature","properties":{"id":1111246075,"kind":"road","name":null,"highway":"service"},"geometry":{"type":"LineString","coordinates":[[-72.0781477,4.3284906],[-72.0780493,4.3284318],[-72.0779937,4.3284151],[-72.077885,4.3284056]]}},{"type":"Feature","properties":{"id":1111246076,"kind":"road","name":null,"highway":"service"},"geometry":{"type":"LineString","coordinates":[[-72.0777741,4.3280213],[-72.0778267,4.3281884]]}},{"type":"Feature","properties":{"id":1111246077,"kind":"road","name":null,"highway":"residential"},"geometry":{"type":"LineString","coordinates":[[-72.084661,4.3240013],[-72.0844878,4.3238878]]}},{"type":"Feature","properties":{"id":1111246078,"kind":"road","name":"Calle 25","highway":"residential"},"geometry":{"type":"LineString","coordinates":[[-72.0838151,4.3248123],[-72.0837192,4.3249213]]}},{"type":"Feature","properties":{"id":1111246079,"kind":"road","name":"Calle 25","highway":"residential"},"geometry":{"type":"LineString","coordinates":[[-72.0836796,4.3249727],[-72.0837192,4.3249213]]}},{"type":"Feature","properties":{"id":1111246080,"kind":"road","name":null,"highway":"residential"},"geometry":{"type":"LineString","coordinates":[[-72.0842616,4.3248254],[-72.0840175,4.3249709],[-72.0839286,4.325012]]}},{"type":"Feature","properties":{"id":1111246083,"kind":"road","name":null,"highway":"residential"},"geometry":{"type":"LineString","coordinates":[[-72.0820887,4.3237646],[-72.0824269,4.3239883]]}},{"type":"Feature","properties":{"id":1111253123,"kind":"road","name":null,"highway":"residential"},"geometry":{"type":"LineString","coordinates":[[-72.0786158,4.3244402],[-72.0782956,4.3242354]]}},{"type":"Feature","properties":{"id":1111253124,"kind":"road","name":null,"highway":"residential"},"geometry":{"type":"LineString","coordinates":[[-72.0781478,4.3281951],[-72.0782666,4.3280363],[-72.0783571,4.3279387]]}},{"type":"Feature","properties":{"id":1111253125,"kind":"road","name":null,"highway":"residential"},"geometry":{"type":"LineString","coordinates":[[-72.0780748,4.3282365],[-72.0781478,4.3281951],[-72.0785407,4.3280884],[-72.0785497,4.3280786],[-72.0785556,4.3280654],[-72.0785574,4.3279297]]}},{"type":"Feature","properties":{"id":1111253126,"kind":"road","name":null,"highway":"residential"},"geometry":{"type":"LineString","coordinates":[[-72.0795852,4.3244135],[-72.0798764,4.32461],[-72.080089,4.3247387]]}},{"type":"Feature","properties":{"id":1111253127,"kind":"road","name":null,"highway":"residential"},"geometry":{"type":"LineString","coordinates":[[-72.0795634,4.3248977],[-72.0796116,4.3245863],[-72.0796081,4.324531],[-72.0795555,4.3244451]]}},{"type":"Feature","properties":{"id":1111253128,"kind":"road","name":null,"highway":"residential"},"geometry":{"type":"LineString","coordinates":[[-72.0797906,4.325157],[-72.0797401,4.3251065],[-72.0797357,4.3250924],[-72.079733,4.3250775],[-72.0797286,4.325046],[-72.0797225,4.3250363],[-72.0797075,4.3250223],[-72.0795634,4.3248977],[-72.0793308,4.3246967]]}},{"type":"Feature","properties":{"id":1111265759,"kind":"road","name":null,"highway":"service"},"geometry":{"type":"LineString","coordinates":[[-72.1031267,4.3137993],[-72.1029798,4.3137028],[-72.1029577,4.3136754],[-72.1029255,4.3136213],[-72.1027947,4.3133912],[-72.1027639,4.3133618],[-72.1027096,4.3133411],[-72.1024601,4.3132976]]}},{"type":"Feature","properties":{"id":1111265760,"kind":"road","name":null,"highway":"service"},"geometry":{"type":"LineString","coordinates":[[-72.1042183,4.3145895],[-72.1040963,4.3146336],[-72.1040721,4.3146303],[-72.1040547,4.3146249],[-72.1037919,4.3144176]]}},{"type":"Feature","properties":{"id":1111265761,"kind":"road","name":null,"highway":"residential"},"geometry":{"type":"LineString","coordinates":[[-72.0908277,4.3183289],[-72.0919488,4.3193713]]}},{"type":"Feature","properties":{"id":1111265762,"kind":"road","name":null,"highway":"residential"},"geometry":{"type":"LineString","coordinates":[[-72.0937121,4.3168121],[-72.0930734,4.3175602]]}},{"type":"Feature","properties":{"id":1111265763,"kind":"road","name":null,"highway":"residential"},"geometry":{"type":"LineString","coordinates":[[-72.0934466,4.3165847],[-72.0930498,4.317047],[-72.0928083,4.3173285]]}},{"type":"Feature","properties":{"id":1111265764,"kind":"road","name":null,"highway":"residential"},"geometry":{"type":"LineString","coordinates":[[-72.0939697,4.317036],[-72.0937121,4.3168121],[-72.0934466,4.3165847],[-72.0928032,4.3160617]]}},{"type":"Feature","properties":{"id":1111265765,"kind":"road","name":null,"highway":"residential"},"geometry":{"type":"LineString","coordinates":[[-72.1037919,4.3144176],[-72.1034084,4.3141244]]}},{"type":"Feature","properties":{"id":1111265766,"kind":"road","name":null,"highway":"residential"},"geometry":{"type":"LineString","coordinates":[[-72.1043752,4.3143247],[-72.1040528,4.314094]]}},{"type":"Feature","properties":{"id":1111265767,"kind":"road","name":null,"highway":"residential"},"geometry":{"type":"LineString","coordinates":[[-72.104267,4.3130137],[-72.1046683,4.313311]]}},{"type":"Feature","properties":{"id":1111265768,"kind":"road","name":null,"highway":"residential"},"geometry":{"type":"LineString","coordinates":[[-72.104571,4.3134473],[-72.1051168,4.3138553]]}},{"type":"Feature","properties":{"id":1111265769,"kind":"road","name":null,"highway":"residential"},"geometry":{"type":"LineString","coordinates":[[-72.1051835,4.3131981],[-72.1055894,4.3126864]]}},{"type":"Feature","properties":{"id":1111265770,"kind":"road","name":null,"highway":"residential"},"geometry":{"type":"LineString","coordinates":[[-72.1055299,4.3090169],[-72.1060574,4.3093741],[-72.1063655,4.3095841]]}},{"type":"Feature","properties":{"id":1111265771,"kind":"road","name":null,"highway":"residential"},"geometry":{"type":"LineString","coordinates":[[-72.1053818,4.3100834],[-72.1055983,4.3098153],[-72.1056251,4.3097966],[-72.1056506,4.3097872],[-72.1056868,4.3097859],[-72.1058531,4.3098447]]}},{"type":"Feature","properties":{"id":1111265772,"kind":"road","name":null,"highway":"residential"},"geometry":{"type":"LineString","coordinates":[[-72.1049192,4.3097206],[-72.1046716,4.3099811]]}},{"type":"Feature","properties":{"id":1111265773,"kind":"road","name":null,"highway":"residential"},"geometry":{"type":"LineString","coordinates":[[-72.1049912,4.3113033],[-72.1050592,4.3111432],[-72.1050753,4.3110697],[-72.1050712,4.3110296],[-72.1050444,4.3109921],[-72.1036819,4.3101937]]}},{"type":"Feature","properties":{"id":1111265774,"kind":"road","name":null,"highway":"residential"},"geometry":{"type":"LineString","coordinates":[[-72.105028,4.3113248],[-72.1049912,4.3113033],[-72.1036926,4.3105602]]}},{"type":"Feature","properties":{"id":1111265775,"kind":"road","name":null,"highway":"residential"},"geometry":{"type":"LineString","coordinates":[[-72.1040251,4.3119858],[-72.103871,4.3122452]]}},{"type":"Feature","properties":{"id":1111265776,"kind":"road","name":null,"highway":"residential"},"geometry":{"type":"LineString","coordinates":[[-72.103375,4.3116019],[-72.1032272,4.3118426]]}},{"type":"Feature","properties":{"id":1111265777,"kind":"road","name":null,"highway":"residential"},"geometry":{"type":"LineString","coordinates":[[-72.1054701,4.3101526],[-72.1050391,4.3106979]]}},{"type":"Feature","properties":{"id":1111265778,"kind":"road","name":null,"highway":"residential"},"geometry":{"type":"LineString","coordinates":[[-72.1060574,4.3093741],[-72.1059296,4.3095425],[-72.1058705,4.3095732],[-72.1057914,4.3095853],[-72.1056023,4.3096093],[-72.1055326,4.30962],[-72.1054776,4.3096374],[-72.105424,4.3096682],[-72.1051899,4.3099329],[-72.1047306,4.310508]]}},{"type":"Feature","properties":{"id":1111265779,"kind":"road","name":null,"highway":"residential"},"geometry":{"type":"LineString","coordinates":[[-72.1061513,4.3106103],[-72.1067351,4.3097995],[-72.1071784,4.3091835]]}},{"type":"Feature","properties":{"id":1111426987,"kind":"road","name":null,"highway":"service"},"geometry":{"type":"LineString","coordinates":[[-72.0974565,4.3182831],[-72.0973143,4.3183727],[-72.0971654,4.3184195],[-72.0970174,4.318451]]}},{"type":"Feature","properties":{"id":1111426988,"kind":"road","name":null,"highway":"service"},"geometry":{"type":"LineString","coordinates":[[-72.0972137,4.318152],[-72.0974565,4.3182831],[-72.0976013,4.3183513]]}},{"type":"Feature","properties":{"id":1111426989,"kind":"road","name":null,"highway":"service"},"geometry":{"type":"LineString","coordinates":[[-72.0979929,4.3172734],[-72.0977421,4.3175168],[-72.0972137,4.318152],[-72.0971131,4.3182737],[-72.0970174,4.318451],[-72.0969535,4.3185693]]}},{"type":"Feature","properties":{"id":1111426990,"kind":"road","name":null,"highway":"service"},"geometry":{"type":"LineString","coordinates":[[-72.0985515,4.3172367],[-72.0984851,4.3172948],[-72.0984274,4.3173644],[-72.0983577,4.3174887]]}},{"type":"Feature","properties":{"id":1111426991,"kind":"road","name":null,"highway":"service"},"geometry":{"type":"LineString","coordinates":[[-72.098752,4.3163119],[-72.098764,4.316451],[-72.0988043,4.3165165],[-72.0988686,4.3165887],[-72.0989236,4.3166115],[-72.0990028,4.3166115]]}},{"type":"Feature","properties":{"id":1111426992,"kind":"road","name":null,"highway":"service"},"geometry":{"type":"LineString","coordinates":[[-72.0992468,4.3159482],[-72.0993139,4.3158452],[-72.099428,4.3157706]]}},{"type":"Feature","properties":{"id":1111426993,"kind":"road","name":null,"highway":"service"},"geometry":{"type":"LineString","coordinates":[[-72.0939938,4.3170082],[-72.0941117,4.3170755],[-72.0943987,4.3171664],[-72.0944725,4.3171758],[-72.0947099,4.3171999],[-72.0951565,4.3172213],[-72.09589,4.3172681],[-72.0959987,4.3172587],[-72.0961395,4.3172387],[-72.09749,4.3171745],[-72.0975664,4.3171865],[-72.0977059,4.3172186],[-72.0978749,4.3172534],[-72.0979929,4.3172734],[-72.0980479,4.3172266],[-72.098752,4.3163119],[-72.0989585,4.31611],[-72.0992468,4.3159482],[-72.0992911,4.3159615],[-72.0993729,4.3159789]]}},{"type":"Feature","properties":{"id":1111426994,"kind":"road","name":null,"highway":"service"},"geometry":{"type":"LineString","coordinates":[[-72.0993045,4.3150716],[-72.099279,4.3152782],[-72.0992267,4.3155015]]}},{"type":"Feature","properties":{"id":1111426995,"kind":"road","name":null,"highway":"service"},"geometry":{"type":"LineString","coordinates":[[-72.0988646,4.3124284],[-72.0988941,4.3131037],[-72.0990564,4.3140746],[-72.0991127,4.3142364],[-72.0993488,4.3146162],[-72.0994091,4.3147312],[-72.09944,4.3148275],[-72.0994547,4.3150717],[-72.099428,4.3157706],[-72.0994265,4.3158077],[-72.0994185,4.3158693],[-72.0993957,4.3159228],[-72.0993729,4.3159789],[-72.0991798,4.3163868],[-72.0990028,4.3166115],[-72.0985749,4.3171985],[-72.0985515,4.3172367],[-72.0985334,4.3173202],[-72.0985106,4.3173737],[-72.098473,4.3174192],[-72.0984153,4.317458],[-72.0983577,4.3174887],[-72.0976938,4.3182924],[-72.0976013,4.3183513],[-72.0974363,4.3184289],[-72.0972434,4.318485],[-72.0969535,4.3185693],[-72.0968771,4.3186134],[-72.0965593,4.3189344],[-72.0961811,4.3197167],[-72.0961529,4.3197942],[-72.0961288,4.3198664],[-72.0960979,4.3199574],[-72.0960604,4.3200349],[-72.0960084,4.3201179]]}},{"type":"Feature","properties":{"id":1111426996,"kind":"road","name":null,"highway":"service"},"geometry":{"type":"LineString","coordinates":[[-72.0930498,4.317047],[-72.092717,4.3167572]]}},{"type":"Feature","properties":{"id":1111426997,"kind":"road","name":null,"highway":"service"},"geometry":{"type":"LineString","coordinates":[[-72.0922342,4.3148796],[-72.0921933,4.3148663],[-72.0921645,4.3148703],[-72.0921376,4.3148917],[-72.0920759,4.3149245],[-72.0919941,4.3149331]]}},{"type":"Feature","properties":{"id":1111426998,"kind":"road","name":null,"highway":"service"},"geometry":{"type":"LineString","coordinates":[[-72.0919941,4.3149331],[-72.0916455,4.3147901],[-72.0915529,4.3147753],[-72.0914899,4.3148115],[-72.0914175,4.3149158],[-72.0913772,4.3151137],[-72.0913906,4.3151618],[-72.0914161,4.3151926],[-72.0914617,4.3152086],[-72.0916575,4.3152073],[-72.0917715,4.3151498],[-72.0918882,4.3150615],[-72.0919941,4.3149331]]}},{"type":"Feature","properties":{"id":1111426999,"kind":"road","name":null,"highway":"residential"},"geometry":{"type":"LineString","coordinates":[[-72.0928689,4.318308],[-72.0917184,4.3173066]]}},{"type":"Feature","properties":{"id":1111427000,"kind":"road","name":null,"highway":"service"},"geometry":{"type":"LineString","coordinates":[[-72.0953228,4.3158973],[-72.0955601,4.3158532],[-72.0956299,4.3158077],[-72.0956869,4.3157496],[-72.095713,4.3156847],[-72.0957365,4.3155911],[-72.0957372,4.3154962],[-72.0957036,4.3153979],[-72.0956114,4.3152893]]}},{"type":"Feature","properties":{"id":1111427001,"kind":"road","name":null,"highway":"service"},"geometry":{"type":"LineString","coordinates":[[-72.0956339,4.3152461],[-72.0956114,4.3152893],[-72.0955662,4.3153477],[-72.0955119,4.3154025],[-72.0954663,4.315452],[-72.0954361,4.3154848],[-72.0954153,4.3155323],[-72.0953228,4.3158973],[-72.095304,4.3159629],[-72.0950264,4.3164055]]}},{"type":"Feature","properties":{"id":1111427002,"kind":"road","name":null,"highway":"service"},"geometry":{"type":"LineString","coordinates":[[-72.0967993,4.3157288],[-72.0967953,4.3162129]]}},{"type":"Feature","properties":{"id":1111427003,"kind":"road","name":null,"highway":"service"},"geometry":{"type":"LineString","coordinates":[[-72.095564,4.3151937],[-72.0956339,4.3152461],[-72.0956835,4.3152742],[-72.0957573,4.3153089],[-72.0958431,4.3153236],[-72.0963058,4.3153664],[-72.0963554,4.3153892]]}},{"type":"Feature","properties":{"id":1111427004,"kind":"road","name":null,"highway":"service"},"geometry":{"type":"LineString","coordinates":[[-72.0963554,4.3153892],[-72.0963997,4.315436],[-72.0964493,4.3154975],[-72.0965351,4.3156125],[-72.0966075,4.3156807],[-72.0966746,4.3157355],[-72.0967269,4.3157422],[-72.0967993,4.3157288],[-72.0968489,4.3157048],[-72.0969066,4.3156553],[-72.0969254,4.3155751],[-72.0968999,4.3154975],[-72.0968476,4.3154306],[-72.0967108,4.3153571],[-72.0965995,4.315337],[-72.0964533,4.315337],[-72.0963554,4.3153892]]}},{"type":"Feature","properties":{"id":1111461623,"kind":"road","name":null,"highway":"service"},"geometry":{"type":"LineString","coordinates":[[-72.1003009,4.3150713],[-72.1003351,4.315204],[-72.1003553,4.3152327],[-72.1003653,4.3152621],[-72.1003801,4.3154801]]}},{"type":"Feature","properties":{"id":1111461624,"kind":"road","name":null,"highway":"service"},"geometry":{"type":"LineString","coordinates":[[-72.0971654,4.3184195],[-72.0972434,4.318485]]}},{"type":"Feature","properties":{"id":1111461625,"kind":"road","name":null,"highway":"service"},"geometry":{"type":"LineString","coordinates":[[-72.0968851,4.3201633],[-72.0968798,4.320281],[-72.0968704,4.3203238],[-72.096853,4.3203465],[-72.0968127,4.3203666],[-72.0967564,4.3203626],[-72.0967188,4.3203412],[-72.0966746,4.3202997],[-72.0964726,4.3200243]]}},{"type":"Feature","properties":{"id":1111461626,"kind":"road","name":null,"highway":"service"},"geometry":{"type":"LineString","coordinates":[[-72.0961288,4.3198664],[-72.0964726,4.3200243],[-72.0965539,4.3200617],[-72.0967175,4.3201366],[-72.096798,4.3201673],[-72.0968409,4.320174],[-72.0968851,4.3201633],[-72.0969348,4.3201379],[-72.0969737,4.3200965],[-72.0974498,4.3195763]]}},{"type":"Feature","properties":{"id":1111471659,"kind":"road","name":"Calle 20","highway":"residential"},"geometry":{"type":"LineString","coordinates":[[-72.0892638,4.3085675],[-72.089005,4.3093745],[-72.0887869,4.3100545],[-72.0886905,4.3103768],[-72.0884634,4.311137],[-72.0883396,4.3115698],[-72.0882927,4.3117001],[-72.0880285,4.3124337],[-72.0878944,4.3127975]]}},{"type":"Feature","properties":{"id":1111471661,"kind":"road","name":null,"highway":"service"},"geometry":{"type":"LineString","coordinates":[[-72.0944195,4.3155083],[-72.0944951,4.3154516]]}},{"type":"Feature","properties":{"id":1111471662,"kind":"road","name":null,"highway":"service"},"geometry":{"type":"LineString","coordinates":[[-72.0941262,4.3154149],[-72.0941936,4.3154823]]}},{"type":"Feature","properties":{"id":1113563872,"kind":"road","name":null,"highway":"service"},"geometry":{"type":"LineString","coordinates":[[-72.077592,4.3060039],[-72.0775169,4.3060547],[-72.0771199,4.3063356]]}},{"type":"Feature","properties":{"id":1113563873,"kind":"road","name":null,"highway":"residential"},"geometry":{"type":"LineString","coordinates":[[-72.0793918,4.3062794],[-72.0791303,4.3060547],[-72.0791128,4.3059852],[-72.0791169,4.3059183],[-72.0791785,4.3058033],[-72.0792785,4.3056957]]}},{"type":"Feature","properties":{"id":1113563874,"kind":"road","name":null,"highway":"residential"},"geometry":{"type":"LineString","coordinates":[[-72.0857187,4.3204605],[-72.0857074,4.3206434]]}},{"type":"Feature","properties":{"id":1113565260,"kind":"road","name":"Calle 26","highway":"service"},"geometry":{"type":"LineString","coordinates":[[-72.0900522,4.3133825],[-72.0900101,4.3134544],[-72.0898539,4.3140965]]}},{"type":"Feature","properties":{"id":1113565261,"kind":"road","name":null,"highway":"service"},"geometry":{"type":"LineString","coordinates":[[-72.0906301,4.3142545],[-72.0906508,4.314181],[-72.0907921,4.3135243],[-72.0909709,4.3125949]]}},{"type":"Feature","properties":{"id":1113565262,"kind":"road","name":"Calle 13C","highway":"residential"},"geometry":{"type":"LineString","coordinates":[[-72.0840714,4.3097454],[-72.0841539,4.3085543]]}},{"type":"Feature","properties":{"id":1113565263,"kind":"road","name":"Carrera 16","highway":"residential"},"geometry":{"type":"LineString","coordinates":[[-72.0852938,4.3084628],[-72.0853141,4.3084084],[-72.0853516,4.3083175],[-72.0856333,4.3080848]]}},{"type":"Feature","properties":{"id":1113594848,"kind":"road","name":null,"highway":"service"},"geometry":{"type":"LineString","coordinates":[[-72.0869449,4.3137951],[-72.0871246,4.3139609],[-72.0872372,4.3139609],[-72.0873043,4.3138914],[-72.0873177,4.3137684],[-72.0872882,4.3136079],[-72.0872666,4.3135112]]}},{"type":"Feature","properties":{"id":1113594849,"kind":"road","name":"Calle 23","highway":"residential"},"geometry":{"type":"LineString","coordinates":[[-72.0849833,4.3199015],[-72.0853952,4.3192597],[-72.0857982,4.3186315],[-72.0859938,4.3183265],[-72.0866735,4.3172671]]}},{"type":"Feature","properties":{"id":1113594850,"kind":"road","name":null,"highway":"service"},"geometry":{"type":"LineString","coordinates":[[-72.0870368,4.3156272],[-72.0868081,4.3159829]]}},{"type":"Feature","properties":{"id":1113594851,"kind":"road","name":null,"highway":"service"},"geometry":{"type":"LineString","coordinates":[[-72.0861737,4.3162838],[-72.0862971,4.3163654],[-72.086332,4.3163601],[-72.0864688,4.3161434]]}},{"type":"Feature","properties":{"id":1113594852,"kind":"road","name":null,"highway":"service"},"geometry":{"type":"LineString","coordinates":[[-72.0908985,4.316566],[-72.0906946,4.3164644],[-72.0906195,4.316459],[-72.090354,4.3166997],[-72.0902735,4.3167265],[-72.0901287,4.3167104]]}},{"type":"Feature","properties":{"id":1113594853,"kind":"road","name":null,"highway":"service"},"geometry":{"type":"LineString","coordinates":[[-72.0903781,4.3142979],[-72.0905283,4.3143381],[-72.0905873,4.3144022],[-72.0905954,4.3144825],[-72.0905498,4.3146991],[-72.0905498,4.3148248]]}},{"type":"Feature","properties":{"id":1113594854,"kind":"road","name":null,"highway":"service"},"geometry":{"type":"LineString","coordinates":[[-72.0904157,4.3142097],[-72.0903781,4.3142979],[-72.0902172,4.3143381],[-72.0900697,4.3144343],[-72.0898283,4.3147847]]}},{"type":"Feature","properties":{"id":1113600540,"kind":"road","name":"Calle 14A","highway":"residential"},"geometry":{"type":"LineString","coordinates":[[-72.0826831,4.3154141],[-72.0821985,4.3159178]]}},{"type":"Feature","properties":{"id":1113600541,"kind":"road","name":null,"highway":"service"},"geometry":{"type":"LineString","coordinates":[[-72.086505,4.3108183],[-72.0867085,4.3100864]]}},{"type":"Feature","properties":{"id":1113602365,"kind":"road","name":"2D","highway":"residential"},"geometry":{"type":"LineString","coordinates":[[-72.0830002,4.3202551],[-72.08265,4.3200054]]}},{"type":"Feature","properties":{"id":1113610718,"kind":"road","name":"Carrera 1","highway":"secondary"},"geometry":{"type":"LineString","coordinates":[[-72.0807868,4.3225148],[-72.0808749,4.3225667]]}},{"type":"Feature","properties":{"id":1113610719,"kind":"road","name":"Carrera 1","highway":"residential"},"geometry":{"type":"LineString","coordinates":[[-72.0802031,4.3221732],[-72.0807868,4.3225148]]}},{"type":"Feature","properties":{"id":1174897169,"kind":"road","name":null,"highway":"service"},"geometry":{"type":"LineString","coordinates":[[-72.0294705,4.3170367],[-72.0295543,4.3171437]]}},{"type":"Feature","properties":{"id":1174897170,"kind":"road","name":null,"highway":"service"},"geometry":{"type":"LineString","coordinates":[[-72.0290638,4.3166696],[-72.0293438,4.3170742],[-72.029378,4.3170815],[-72.0294142,4.3170742],[-72.0294705,4.3170367],[-72.029386,4.3168883]]}},{"type":"Feature","properties":{"id":1212746957,"kind":"water","name":null,"highway":null},"geometry":{"type":"Polygon","coordinates":[[[-72.0541024,4.2923181],[-72.054022,4.2923073],[-72.0539894,4.2922856],[-72.0539938,4.292173],[-72.0539916,4.2921189],[-72.0539504,4.2920907],[-72.05392,4.2920669],[-72.0539134,4.2920323],[-72.0538917,4.2919435],[-72.0538179,4.291937],[-72.0538353,4.2919045],[-72.0537897,4.2918677],[-72.0537397,4.2918309],[-72.0537441,4.2917746],[-72.0537289,4.2917183],[-72.0537006,4.2916988],[-72.0536507,4.2916641],[-72.0536333,4.291649],[-72.0535855,4.2915905],[-72.0535486,4.2915905],[-72.0534965,4.2915732],[-72.0534726,4.2915277],[-72.053427,4.2915017],[-72.0533792,4.2914671],[-72.0533184,4.2914389],[-72.0532576,4.2913891],[-72.0532185,4.2913631],[-72.0532012,4.2913458],[-72.0532294,4.2913155],[-72.0531925,4.2912917],[-72.0531404,4.2912917],[-72.0530687,4.2912938],[-72.0530122,4.2913025],[-72.0529645,4.2913155],[-72.052921,4.2912982],[-72.0528841,4.2912873],[-72.052819,4.2912657],[-72.0527582,4.2912527],[-72.0527082,4.2912787],[-72.0526626,4.2913307],[-72.052617,4.2913588],[-72.0526192,4.2914281],[-72.052617,4.2915147],[-72.0526865,4.2915992],[-72.0527408,4.2916338],[-72.0527734,4.291688],[-72.0528016,4.2917421],[-72.0528016,4.2918071],[-72.0527603,4.2918417],[-72.0527321,4.2918525],[-72.0526909,4.2918699],[-72.0526583,4.2918699],[-72.0526713,4.2918287],[-72.0526474,4.2918027],[-72.052604,4.2918006],[-72.0525562,4.2918157],[-72.0525323,4.2918547],[-72.052528,4.2918829],[-72.0524932,4.2918742],[-72.0524476,4.2918915],[-72.0524368,4.291833],[-72.0524064,4.291833],[-72.0523912,4.2918114],[-72.0524194,4.2917746],[-72.052376,4.2917464],[-72.0523543,4.2916966],[-72.052326,4.2916793],[-72.0522869,4.291688],[-72.0522565,4.2916858],[-72.0522327,4.2916836],[-72.0522131,4.2916988],[-72.0522023,4.291662],[-72.0522001,4.2916382],[-72.0521501,4.2916078],[-72.0521871,4.2915602],[-72.0521892,4.2915299],[-72.0521871,4.2914952],[-72.0522283,4.2914498],[-72.0522696,4.2914151],[-72.0523217,4.2913826],[-72.0523304,4.291348],[-72.0523108,4.2912917],[-72.0522327,4.2912657],[-72.0521458,4.291244],[-72.0521024,4.2912549],[-72.0520285,4.2912116],[-72.051996,4.2912137],[-72.0519764,4.2911791],[-72.0519352,4.2911488],[-72.0518939,4.2910946],[-72.0518418,4.291086],[-72.0518114,4.291099],[-72.0517701,4.2910946],[-72.051718,4.2910773],[-72.0516767,4.2910535],[-72.0516789,4.291034],[-72.0516442,4.2910253],[-72.0516159,4.2910275],[-72.0515942,4.2910362],[-72.0515573,4.2910015],[-72.0515269,4.290982],[-72.051477,4.2909344],[-72.0514292,4.2909235],[-72.0513814,4.2908889],[-72.0513119,4.2908543],[-72.0512511,4.2908153],[-72.0511751,4.2907915],[-72.0511186,4.2907893],[-72.0510644,4.2907763],[-72.0510166,4.2907438],[-72.050971,4.2907005],[-72.0509406,4.290681],[-72.0508754,4.2906464],[-72.0508515,4.2906117],[-72.0507994,4.2905987],[-72.0507625,4.2905922],[-72.0507625,4.2905619],[-72.0507907,4.2905403],[-72.050756,4.2905099],[-72.0507299,4.2904688],[-72.0507017,4.2904103],[-72.0507082,4.2903627],[-72.0506887,4.2903107],[-72.0506865,4.2902609],[-72.0506843,4.2902219],[-72.0506908,4.2901895],[-72.0506583,4.2901959],[-72.0506235,4.2901808],[-72.0506257,4.2901526],[-72.0505823,4.290118],[-72.0505475,4.290079],[-72.0504954,4.29004],[-72.0504607,4.290014],[-72.0503977,4.2899837],[-72.0503868,4.2899491],[-72.0503651,4.2899599],[-72.0503369,4.2899448],[-72.0502565,4.2898993],[-72.0501675,4.2898581],[-72.0501371,4.2898386],[-72.0500633,4.2898257],[-72.0500111,4.2898235],[-72.0499764,4.2898257],[-72.0500025,4.2897888],[-72.0499916,4.2897369],[-72.0499786,4.2897109],[-72.0499873,4.2896697],[-72.0500329,4.2896481],[-72.050022,4.2895939],[-72.0500025,4.2895745],[-72.0499525,4.2895701],[-72.0499503,4.2895355],[-72.0499113,4.2895355],[-72.0498809,4.2895182],[-72.0498939,4.2894792],[-72.0499178,4.2894272],[-72.0499178,4.2893861],[-72.0498505,4.2893601],[-72.0498135,4.2893514],[-72.0497614,4.2893536],[-72.0497332,4.2893341],[-72.0497267,4.2893038],[-72.0496941,4.2892951],[-72.0496702,4.2893124],[-72.0496594,4.2893492],[-72.0496246,4.2893211],[-72.0496116,4.2892908],[-72.0496355,4.2892431],[-72.0496442,4.289176],[-72.0496507,4.2891327],[-72.049642,4.2890894],[-72.0496224,4.2890786],[-72.049592,4.2890807],[-72.049579,4.2890223],[-72.0495421,4.2889616],[-72.0495095,4.2889725],[-72.0495008,4.2889941],[-72.0494726,4.2890114],[-72.0494313,4.2890114],[-72.0494248,4.288953],[-72.0494053,4.28881],[-72.0494031,4.2886541],[-72.0493923,4.2885112],[-72.0494075,4.2883704],[-72.0493966,4.2882362],[-72.0494031,4.2881474],[-72.0494227,4.2879937],[-72.0494292,4.287881],[-72.0494574,4.2877988],[-72.0494965,4.287697],[-72.0495312,4.2875952],[-72.049566,4.2874978],[-72.0495616,4.287409],[-72.0495986,4.2873375],[-72.0496376,4.2871946],[-72.0496898,4.2870647],[-72.0496811,4.2869867],[-72.0497093,4.2869391],[-72.0498268,4.2868558],[-72.0498408,4.2867897],[-72.0498757,4.2867097],[-72.0499036,4.2866157],[-72.049935,4.2865218],[-72.0500152,4.2864626],[-72.0500571,4.2863896],[-72.0501025,4.28632],[-72.0501862,4.2862852],[-72.0504932,4.2862504],[-72.0506223,4.2862435],[-72.0506851,4.2863374],[-72.05072,4.2864035],[-72.0508351,4.2863652],[-72.0509014,4.286407],[-72.0509223,4.2865079],[-72.0509781,4.2865496],[-72.0510898,4.2865983],[-72.0511421,4.2866122],[-72.0512119,4.2865948],[-72.051327,4.2866088],[-72.051348,4.2866644],[-72.0514387,4.286654],[-72.0515294,4.2866749],[-72.0515329,4.2867479],[-72.0515957,4.2867862],[-72.0516794,4.2869045],[-72.0517387,4.2870367],[-72.0518364,4.2870228],[-72.0519027,4.287148],[-72.051955,4.2871932],[-72.0520492,4.2871932],[-72.0521294,4.2872141],[-72.0522027,4.2872385],[-72.0522446,4.2873011],[-72.0523144,4.2874472],[-72.0523527,4.2874994],[-72.052419,4.2875342],[-72.0524644,4.2876072],[-72.0525202,4.2876455],[-72.0525272,4.2877534],[-72.0525621,4.2878021],[-72.0526353,4.2878821],[-72.0527679,4.2879273],[-72.0527819,4.2880387],[-72.0528167,4.2881048],[-72.0528691,4.2882404],[-72.0530819,4.2883587],[-72.0531621,4.2884248],[-72.0532842,4.2885535],[-72.0533226,4.2886858],[-72.0534168,4.2887727],[-72.0534936,4.2889015],[-72.0535633,4.2889641],[-72.053661,4.2889954],[-72.0537238,4.2890545],[-72.0537657,4.2891798],[-72.053818,4.2892215],[-72.0539052,4.2892668],[-72.0538913,4.2893259],[-72.0538808,4.2893746],[-72.0538808,4.2894477],[-72.0538459,4.2895103],[-72.0539646,4.2895486],[-72.053996,4.2896564],[-72.0539332,4.2897399],[-72.0539052,4.289886],[-72.0539576,4.2899904],[-72.0540029,4.2900704],[-72.0539576,4.2901052],[-72.0538285,4.2902061],[-72.0538529,4.2902965],[-72.0539646,4.2903209],[-72.0540274,4.29038],[-72.0540029,4.2904601],[-72.0539541,4.290554],[-72.0539785,4.2906027],[-72.0540622,4.2906062],[-72.0540762,4.2907105],[-72.0540971,4.290794],[-72.0541041,4.2909193],[-72.0541599,4.2909889],[-72.0542192,4.2910619],[-72.0543448,4.2911628],[-72.0543937,4.2912324],[-72.0544565,4.2913089],[-72.0545367,4.2915038],[-72.0545158,4.2915733],[-72.0545646,4.291629],[-72.0545751,4.291709],[-72.0545891,4.2917786],[-72.0545786,4.2918551],[-72.0545716,4.2918899],[-72.0544704,4.291883],[-72.0543623,4.2918725],[-72.0543483,4.2919595],[-72.0543309,4.2920256],[-72.0542611,4.2920848],[-72.0542158,4.2921439],[-72.0541913,4.292217],[-72.0541704,4.2922796],[-72.0541024,4.2923181]]]}},{"type":"Feature","properties":{"id":1212747628,"kind":"road","name":null,"highway":"service"},"geometry":{"type":"LineString","coordinates":[[-72.0985988,4.2852713],[-72.0984316,4.285438],[-72.0983,4.2855904],[-72.098112,4.2857732],[-72.0979686,4.2859021],[-72.0978088,4.2860708]]}},{"type":"Feature","properties":{"id":1221706458,"kind":"road","name":null,"highway":"service"},"geometry":{"type":"LineString","coordinates":[[-72.0298755,4.3167733],[-72.0294705,4.3170367]]}},{"type":"Feature","properties":{"id":1222384969,"kind":"road","name":null,"highway":"service"},"geometry":{"type":"LineString","coordinates":[[-72.0829342,4.3125192],[-72.0829524,4.3126143],[-72.0829605,4.3126664],[-72.0829705,4.312744],[-72.0829766,4.3127553],[-72.0831864,4.3128189],[-72.0832039,4.3128135],[-72.0833205,4.3127166],[-72.0833862,4.3126479]]}},{"type":"Feature","properties":{"id":1226366495,"kind":"road","name":null,"highway":"service"},"geometry":{"type":"LineString","coordinates":[[-72.0858995,4.3131569],[-72.086281,4.3121863]]}},{"type":"Feature","properties":{"id":1296422044,"kind":"road","name":"Carrera 10","highway":"tertiary"},"geometry":{"type":"LineString","coordinates":[[-72.0822941,4.3123351],[-72.0823978,4.3123666]]}},{"type":"Feature","properties":{"id":1430767246,"kind":"road","name":null,"highway":"track"},"geometry":{"type":"LineString","coordinates":[[-72.1227811,4.2920821],[-72.1144402,4.2851522],[-72.1122515,4.283312],[-72.1109963,4.2822207],[-72.1098375,4.281675],[-72.1092796,4.2813755],[-72.1089578,4.2810438],[-72.1083945,4.2808405]]}},{"type":"Feature","properties":{"id":1430767249,"kind":"road","name":null,"highway":"residential"},"geometry":{"type":"LineString","coordinates":[[-72.0972838,4.2838428],[-72.0957398,4.2853661]]}},{"type":"Feature","properties":{"id":1430767259,"kind":"road","name":null,"highway":"service"},"geometry":{"type":"LineString","coordinates":[[-72.1031221,4.2877347],[-72.1039045,4.2868747],[-72.1039689,4.28665]]}},{"type":"Feature","properties":{"id":1430767260,"kind":"road","name":null,"highway":"service"},"geometry":{"type":"LineString","coordinates":[[-72.1027234,4.2874133],[-72.1033251,4.2866821],[-72.1033895,4.2865109],[-72.1033037,4.2863397],[-72.1030784,4.2861579]]}},{"type":"Feature","properties":{"id":1430767261,"kind":"road","name":null,"highway":"residential"},"geometry":{"type":"LineString","coordinates":[[-72.1006517,4.2861506],[-72.1001031,4.2856049],[-72.0995604,4.285065]]}},{"type":"Feature","properties":{"id":1430767265,"kind":"road","name":null,"highway":"residential"},"geometry":{"type":"LineString","coordinates":[[-72.0966303,4.2870887],[-72.0985525,4.2850863],[-72.0998051,4.2837932],[-72.1009916,4.2825684]]}},{"type":"Feature","properties":{"id":1430767266,"kind":"road","name":null,"highway":"residential"},"geometry":{"type":"LineString","coordinates":[[-72.1020484,4.2835794],[-72.1008661,4.2848103],[-72.1001031,4.2856049]]}},{"type":"Feature","properties":{"id":1430767267,"kind":"road","name":null,"highway":"residential"},"geometry":{"type":"LineString","coordinates":[[-72.0990596,4.2855864],[-72.0995604,4.285065],[-72.1003138,4.2842809],[-72.101512,4.2830338]]}},{"type":"Feature","properties":{"id":1430767308,"kind":"road","name":"Carrera 7","highway":"residential"},"geometry":{"type":"LineString","coordinates":[[-72.0796187,4.3155108],[-72.0801764,4.3151787],[-72.0808946,4.3148032],[-72.0817876,4.3143939],[-72.0818874,4.3143475],[-72.0819536,4.3143531]]}},{"type":"Feature","properties":{"id":1430767309,"kind":"road","name":"Carrera 2g","highway":"residential"},"geometry":{"type":"LineString","coordinates":[[-72.0864205,4.321216],[-72.0864107,4.3211884],[-72.0863938,4.3211643],[-72.086218,4.3210261],[-72.0859949,4.3208518],[-72.0857485,4.3206762],[-72.0857074,4.3206434],[-72.0855348,4.3205059],[-72.0852859,4.3203027],[-72.0844509,4.3196529],[-72.0841986,4.3194672],[-72.0840076,4.3192892],[-72.0838074,4.3191115]]}},{"type":"Feature","properties":{"id":1430767310,"kind":"road","name":null,"highway":"residential"},"geometry":{"type":"LineString","coordinates":[[-72.0800165,4.3260312],[-72.0801449,4.3259811],[-72.0802789,4.3259489],[-72.0804744,4.3259351],[-72.0806688,4.3259593],[-72.0807999,4.3259982],[-72.0809423,4.3260745]]}},{"type":"Feature","properties":{"id":1430767311,"kind":"road","name":null,"highway":"residential"},"geometry":{"type":"LineString","coordinates":[[-72.0797083,4.3257947],[-72.0800165,4.3260312]]}},{"type":"Feature","properties":{"id":1430767312,"kind":"road","name":null,"highway":"residential"},"geometry":{"type":"LineString","coordinates":[[-72.0843417,4.3271025],[-72.0834671,4.3264854]]}},{"type":"Feature","properties":{"id":1430767313,"kind":"road","name":null,"highway":"residential"},"geometry":{"type":"LineString","coordinates":[[-72.0788312,4.3283716],[-72.0781593,4.3285307]]}},{"type":"Feature","properties":{"id":1430767314,"kind":"road","name":null,"highway":"residential"},"geometry":{"type":"LineString","coordinates":[[-72.0784288,4.3290844],[-72.0785898,4.3292061],[-72.0786743,4.3294915]]}},{"type":"Feature","properties":{"id":1430767315,"kind":"road","name":null,"highway":"residential"},"geometry":{"type":"LineString","coordinates":[[-72.0829737,4.3241476],[-72.0827105,4.3239615],[-72.0826438,4.3239148],[-72.0825326,4.3238397]]}},{"type":"Feature","properties":{"id":1430767316,"kind":"road","name":null,"highway":"residential"},"geometry":{"type":"LineString","coordinates":[[-72.0832035,4.3249825],[-72.0826569,4.3246029]]}},{"type":"Feature","properties":{"id":1430767317,"kind":"road","name":null,"highway":"residential"},"geometry":{"type":"LineString","coordinates":[[-72.080662,4.3285997],[-72.0801195,4.32825]]}},{"type":"Feature","properties":{"id":1430767318,"kind":"road","name":"Calle 24","highway":"residential"},"geometry":{"type":"LineString","coordinates":[[-72.0784288,4.3290844],[-72.0783806,4.3292408],[-72.0784826,4.3295462],[-72.0785639,4.3298435],[-72.0787337,4.3303943]]}},{"type":"Feature","properties":{"id":1430767473,"kind":"road","name":null,"highway":"service"},"geometry":{"type":"LineString","coordinates":[[-72.0986714,4.2852036],[-72.0985988,4.2852713]]}},{"type":"Feature","properties":{"id":1430767961,"kind":"road","name":"Carrera 7","highway":"residential"},"geometry":{"type":"LineString","coordinates":[[-72.0874834,4.3177899],[-72.0888466,4.3184409],[-72.0902839,4.318953]]}},{"type":"Feature","properties":{"id":1457193841,"kind":"road","name":"Calle 7","highway":"residential"},"geometry":{"type":"LineString","coordinates":[[-72.0777336,4.3113346],[-72.0775961,4.3110179],[-72.0773294,4.3103742],[-72.0771958,4.3100497],[-72.07692,4.309402]]}},{"type":"Feature","properties":{"id":1457193842,"kind":"road","name":"Carrera 10","highway":"residential"},"geometry":{"type":"LineString","coordinates":[[-72.0785971,4.3132912],[-72.0782328,4.3135085]]}},{"type":"Feature","properties":{"id":1457193843,"kind":"road","name":"Calle 7","highway":"tertiary"},"geometry":{"type":"LineString","coordinates":[[-72.0796187,4.3155108],[-72.0795529,4.315437],[-72.079264,4.3147716],[-72.078937,4.3140662],[-72.0785971,4.3132912]]}},{"type":"Feature","properties":{"id":1457193844,"kind":"road","name":"Carrera 3","highway":"tertiary"},"geometry":{"type":"LineString","coordinates":[[-72.083561,4.3186798],[-72.0834872,4.3186239]]}},{"type":"Feature","properties":{"id":1457215712,"kind":"road","name":"entrada barrio san pablo","highway":"residential"},"geometry":{"type":"LineString","coordinates":[[-72.1108213,4.3037852],[-72.1111608,4.3040651],[-72.1114635,4.304364]]}},{"type":"Feature","properties":{"id":1457215713,"kind":"road","name":null,"highway":"residential"},"geometry":{"type":"LineString","coordinates":[[-72.1120128,4.3056469],[-72.1116829,4.3054426],[-72.1113341,4.3052265],[-72.110988,4.3050122]]}},{"type":"Feature","properties":{"id":1457215714,"kind":"road","name":null,"highway":"residential"},"geometry":{"type":"LineString","coordinates":[[-72.1114635,4.304364],[-72.1117926,4.3046388],[-72.1120718,4.3049144],[-72.1123273,4.3051621],[-72.1123447,4.3051828],[-72.1123488,4.3051932]]}},{"type":"Feature","properties":{"id":1457215715,"kind":"road","name":null,"highway":"residential"},"geometry":{"type":"LineString","coordinates":[[-72.1119037,4.305795],[-72.1114552,4.3063895],[-72.110881,4.3071436]]}},{"type":"Feature","properties":{"id":1457215716,"kind":"road","name":null,"highway":"residential"},"geometry":{"type":"LineString","coordinates":[[-72.1122857,4.3052849],[-72.1126055,4.3055821]]}},{"type":"Feature","properties":{"id":1457215717,"kind":"road","name":null,"highway":"residential"},"geometry":{"type":"LineString","coordinates":[[-72.1126055,4.3055821],[-72.1128939,4.3058515]]}},{"type":"Feature","properties":{"id":1457215718,"kind":"road","name":null,"highway":"residential"},"geometry":{"type":"LineString","coordinates":[[-72.109796,4.3098019],[-72.1099441,4.3096148],[-72.1103424,4.3091115]]}},{"type":"Feature","properties":{"id":1457215719,"kind":"road","name":null,"highway":"residential"},"geometry":{"type":"LineString","coordinates":[[-72.1095005,4.3095731],[-72.109796,4.3098019]]}},{"type":"Feature","properties":{"id":1457215720,"kind":"road","name":null,"highway":"path"},"geometry":{"type":"LineString","coordinates":[[-72.0786622,4.3151351],[-72.07874,4.3151324],[-72.078858,4.3150896],[-72.0789841,4.3150682],[-72.0791113,4.3150936]]}},{"type":"Feature","properties":{"id":1457226961,"kind":"road","name":null,"highway":"track"},"geometry":{"type":"LineString","coordinates":[[-71.9787473,4.3572215],[-71.9790262,4.3570183],[-71.9793105,4.3566973],[-71.9794929,4.3563336],[-71.979568,4.3561143],[-71.9796109,4.3559485],[-71.979847,4.3555687],[-71.9801635,4.3552103],[-71.980319,4.3551461],[-71.9804907,4.3550712],[-71.9811505,4.3546754],[-71.9821698,4.3540763],[-71.9825721,4.3538249],[-71.9835699,4.3533007],[-71.9838595,4.3530173],[-71.9840205,4.3528086],[-71.9840848,4.3526482],[-71.9842136,4.3525091],[-71.9845676,4.3522577],[-71.9849861,4.3520812],[-71.9851631,4.3520491],[-71.9853187,4.3520384],[-71.9854367,4.352017],[-71.9855869,4.3519047],[-71.9856888,4.3517709],[-71.9857961,4.3517389],[-71.9859195,4.3517709],[-71.9862628,4.3518672],[-71.9866759,4.3520117],[-71.987105,4.3520651],[-71.9874778,4.3520598],[-71.9877863,4.3520117],[-71.9881618,4.3518779],[-71.9882718,4.3518458],[-71.9885105,4.3519073],[-71.9887492,4.352025],[-71.988878,4.3522844],[-71.9889933,4.3524931],[-71.9891515,4.3527284],[-71.9892293,4.3527739],[-71.9893339,4.3527899],[-71.9894922,4.3527257],[-71.9896665,4.3525786],[-71.9898677,4.3524476],[-71.9900098,4.3523941],[-71.9901171,4.3523914],[-71.9902244,4.3524289],[-71.9903183,4.352584],[-71.9904149,4.3527685],[-71.9905275,4.3528782],[-71.990608,4.3529852],[-71.9906938,4.3531323],[-71.9907689,4.3532259],[-71.9908386,4.3532687],[-71.9909138,4.3532874],[-71.9910103,4.3532687],[-71.9911176,4.3531831],[-71.9913295,4.3528942],[-71.9914207,4.35283],[-71.9915494,4.3527872],[-71.9916621,4.3527739],[-71.9921932,4.3527765],[-71.9927993,4.3528006],[-71.9930327,4.3528621],[-71.9931588,4.3529236],[-71.9932178,4.3530092],[-71.9932473,4.3531242],[-71.9933841,4.353373],[-71.9934323,4.3534612],[-71.9935074,4.3535361],[-71.9936228,4.3535816],[-71.9938186,4.3536565],[-71.9941619,4.353857],[-71.9944033,4.3539908],[-71.9945937,4.3540656],[-71.9947118,4.354079],[-71.994811,4.354063],[-71.9949478,4.3539854],[-71.995047,4.3539292],[-71.9951275,4.3539052],[-71.995216,4.3539292],[-71.9953904,4.3540362],[-71.9955754,4.3540844],[-71.9959778,4.3541191],[-71.9961548,4.3540951],[-71.9963184,4.3540148],[-71.9966269,4.3537313],[-71.99671,4.3535655],[-71.9967449,4.3534184],[-71.9968039,4.3532499],[-71.9970399,4.3529745],[-71.9971284,4.352929],[-71.997225,4.3529236],[-71.9973162,4.3529638],[-71.9973511,4.35306],[-71.9973645,4.3531697],[-71.9974101,4.3532553],[-71.9974744,4.3533141],[-71.9975629,4.3533355],[-71.9976622,4.3532874],[-71.9977453,4.3532152],[-71.9979867,4.3529905],[-71.9981343,4.3528193],[-71.9981825,4.3527284],[-71.9982603,4.3526803],[-71.9983676,4.3526535],[-71.998491,4.3526134],[-71.9986787,4.3525145],[-71.998778,4.3524824],[-71.9989067,4.3524636],[-71.9990033,4.3525038],[-71.9990543,4.3525225],[-71.999183,4.3524957],[-71.9993386,4.3524262],[-71.9994754,4.3524556],[-71.999706,4.3525893],[-72.0000413,4.352715],[-72.0002022,4.3527391],[-72.0003095,4.3526856],[-72.0003873,4.3526107],[-72.0005107,4.3525145],[-72.0006233,4.3524449],[-72.0008084,4.3523754],[-72.0010901,4.3522951],[-72.0012644,4.352239],[-72.0014897,4.3521989],[-72.0018035,4.3522417],[-72.0021039,4.3523005],[-72.0022273,4.3523727],[-72.0024365,4.3524208],[-72.0025224,4.3524877],[-72.0026431,4.352584],[-72.0027101,4.3526161],[-72.0028228,4.3526268],[-72.0029756,4.3526054],[-72.0031419,4.3525653],[-72.0032144,4.3524931],[-72.0032895,4.3524021],[-72.0034075,4.3523647],[-72.0034987,4.3523754],[-72.0035577,4.3524663],[-72.0036596,4.3525278],[-72.0036998,4.3525332],[-72.0038527,4.3525251],[-72.004019,4.3524904],[-72.0043141,4.3522898],[-72.0046333,4.352001],[-72.0049202,4.351795],[-72.0050007,4.3517683],[-72.005159,4.3517683],[-72.0053709,4.3518244],[-72.0055318,4.3519234],[-72.0057249,4.352116],[-72.0058429,4.3523326],[-72.0059314,4.3524155],[-72.0061192,4.3524957],[-72.0064116,4.3526134],[-72.0065028,4.3526722],[-72.0066154,4.3528193],[-72.0066825,4.3529397],[-72.0067173,4.3531216],[-72.006712,4.3538597],[-72.0066744,4.3540041],[-72.0065001,4.3542475],[-72.0063794,4.3543786],[-72.0063096,4.3545096],[-72.0063204,4.3545658],[-72.0063606,4.3546032],[-72.0064437,4.3546166],[-72.0065564,4.3545684],[-72.006661,4.3545096],[-72.0067441,4.3545096],[-72.0069909,4.3546112],[-72.0071787,4.3546594],[-72.0073637,4.3546647],[-72.0075461,4.3545898],[-72.0077339,4.3543919],[-72.0078036,4.3541272],[-72.007868,4.3539426],[-72.0078599,4.3538116],[-72.0077312,4.3536484],[-72.0074013,4.3533221],[-72.0073369,4.3532045],[-72.0072967,4.3529852],[-72.0071867,4.3525546],[-72.0069963,4.3521801],[-72.0066825,4.3516854],[-72.0066556,4.3516212],[-72.0066449,4.3515704],[-72.0066583,4.3515302],[-72.006712,4.3515249],[-72.0068085,4.3515918],[-72.0071438,4.3518726],[-72.0075005,4.352124],[-72.0078439,4.3523326],[-72.0079377,4.3524075],[-72.0080182,4.3524904],[-72.0081791,4.3527204],[-72.0083991,4.3528916],[-72.0084983,4.3529959],[-72.0086002,4.3531075],[-72.0086787,4.3532111],[-72.0103329,4.3548707],[-72.0119852,4.3566946],[-72.0120281,4.3567361],[-72.0120824,4.3567521],[-72.0121294,4.3567455],[-72.0121984,4.35671],[-72.012248,4.3566371],[-72.014131,4.3538624],[-72.0153701,4.3520277],[-72.0176312,4.3487595],[-72.0188087,4.3469997],[-72.0190233,4.346529],[-72.0193666,4.3454592],[-72.0195115,4.344844],[-72.0195973,4.3445391],[-72.0197046,4.3443091],[-72.0200586,4.3433463],[-72.0210832,4.3405167],[-72.0211208,4.3403562],[-72.021271,4.3400567],[-72.0219147,4.3389013],[-72.0231378,4.336537],[-72.0243287,4.3341513],[-72.0244253,4.3338785],[-72.0244601,4.3336913],[-72.0245245,4.3335388],[-72.0245728,4.3334653],[-72.024619,4.3334303]]}},{"type":"Feature","properties":{"id":1487874641,"kind":"road","name":null,"highway":"service"},"geometry":{"type":"LineString","coordinates":[[-72.0927488,4.3173941],[-72.0926741,4.3174707],[-72.0926587,4.317474],[-72.0926385,4.3174734],[-72.0925836,4.3174185],[-72.0925775,4.3173981],[-72.0925815,4.317371],[-72.0926348,4.3172979]]}},{"type":"Feature","properties":{"id":1487874642,"kind":"road","name":null,"highway":"service"},"geometry":{"type":"LineString","coordinates":[[-72.0909585,4.3194746],[-72.0910782,4.3193128],[-72.0910943,4.31927],[-72.0910728,4.3192272],[-72.0910004,4.3191711],[-72.0909655,4.3191711],[-72.090928,4.3192005],[-72.0907893,4.3193438]]}},{"type":"Feature","properties":{"id":1487874643,"kind":"road","name":null,"highway":"service"},"geometry":{"type":"LineString","coordinates":[[-72.0918573,4.3184166],[-72.0917527,4.3185278],[-72.0917353,4.3185312],[-72.0917172,4.3185318],[-72.0916491,4.3184623],[-72.0916448,4.3184482],[-72.0916481,4.3184339],[-72.0917404,4.3183108]]}},{"type":"Feature","properties":{"id":1487874644,"kind":"road","name":null,"highway":"service"},"geometry":{"type":"LineString","coordinates":[[-72.0919229,4.3183383],[-72.0920263,4.3182042],[-72.09203,4.3181891],[-72.092029,4.3181734],[-72.0919579,4.3181039],[-72.0919324,4.3181052],[-72.0919113,4.3181143],[-72.0918044,4.3182345]]}}]}
